[{"DATE": "DATE", "Crude Oil": "Crude Oil"}, {"DATE": "2017-01-20", "Crude Oil": "52.33"}, {"DATE": "2017-01-23", "Crude Oil": "52.77"}, {"DATE": "2017-01-24", "Crude Oil": "52.38"}, {"DATE": "2017-01-25", "Crude Oil": "52.14"}, {"DATE": "2017-01-26", "Crude Oil": "53.24"}, {"DATE": "2017-01-27", "Crude Oil": "53.18"}, {"DATE": "2017-01-30", "Crude Oil": "52.63"}, {"DATE": "2017-01-31", "Crude Oil": "52.75"}, {"DATE": "2017-02-01", "Crude Oil": "53.90"}, {"DATE": "2017-02-02", "Crude Oil": "53.55"}, {"DATE": "2017-02-03", "Crude Oil": "53.81"}, {"DATE": "2017-02-06", "Crude Oil": "53.01"}, {"DATE": "2017-02-07", "Crude Oil": "52.19"}, {"DATE": "2017-02-08", "Crude Oil": "52.37"}, {"DATE": "2017-02-09", "Crude Oil": "52.99"}, {"DATE": "2017-02-10", "Crude Oil": "53.84"}, {"DATE": "2017-02-13", "Crude Oil": "52.96"}, {"DATE": "2017-02-14", "Crude Oil": "53.21"}, {"DATE": "2017-02-15", "Crude Oil": "53.11"}, {"DATE": "2017-02-16", "Crude Oil": "53.41"}, {"DATE": "2017-02-17", "Crude Oil": "53.41"}, {"DATE": "2017-02-20", "Crude Oil": "."}, {"DATE": "2017-02-21", "Crude Oil": "54.02"}, {"DATE": "2017-02-22", "Crude Oil": "53.61"}, {"DATE": "2017-02-23", "Crude Oil": "54.48"}, {"DATE": "2017-02-24", "Crude Oil": "53.99"}, {"DATE": "2017-02-27", "Crude Oil": "54.04"}, {"DATE": "2017-02-28", "Crude Oil": "54.00"}, {"DATE": "2017-03-01", "Crude Oil": "53.82"}, {"DATE": "2017-03-02", "Crude Oil": "52.63"}, {"DATE": "2017-03-03", "Crude Oil": "53.33"}, {"DATE": "2017-03-06", "Crude Oil": "53.19"}, {"DATE": "2017-03-07", "Crude Oil": "52.68"}, {"DATE": "2017-03-08", "Crude Oil": "49.83"}, {"DATE": "2017-03-09", "Crude Oil": "48.75"}, {"DATE": "2017-03-10", "Crude Oil": "48.05"}, {"DATE": "2017-03-13", "Crude Oil": "47.95"}, {"DATE": "2017-03-14", "Crude Oil": "47.24"}, {"DATE": "2017-03-15", "Crude Oil": "48.34"}, {"DATE": "2017-03-16", "Crude Oil": "48.30"}, {"DATE": "2017-03-17", "Crude Oil": "48.34"}, {"DATE": "2017-03-20", "Crude Oil": "47.79"}, {"DATE": "2017-03-21", "Crude Oil": "47.02"}, {"DATE": "2017-03-22", "Crude Oil": "47.29"}, {"DATE": "2017-03-23", "Crude Oil": "47.00"}, {"DATE": "2017-03-24", "Crude Oil": "47.30"}, {"DATE": "2017-03-27", "Crude Oil": "47.02"}, {"DATE": "2017-03-28", "Crude Oil": "48.36"}, {"DATE": "2017-03-29", "Crude Oil": "49.47"}, {"DATE": "2017-03-30", "Crude Oil": "50.30"}, {"DATE": "2017-03-31", "Crude Oil": "50.54"}, {"DATE": "2017-04-03", "Crude Oil": "50.25"}, {"DATE": "2017-04-04", "Crude Oil": "50.99"}, {"DATE": "2017-04-05", "Crude Oil": "51.14"}, {"DATE": "2017-04-06", "Crude Oil": "51.69"}, {"DATE": "2017-04-07", "Crude Oil": "52.25"}, {"DATE": "2017-04-10", "Crude Oil": "53.06"}, {"DATE": "2017-04-11", "Crude Oil": "53.38"}, {"DATE": "2017-04-12", "Crude Oil": "53.12"}, {"DATE": "2017-04-13", "Crude Oil": "53.19"}, {"DATE": "2017-04-14", "Crude Oil": "."}, {"DATE": "2017-04-17", "Crude Oil": "52.62"}, {"DATE": "2017-04-18", "Crude Oil": "52.46"}, {"DATE": "2017-04-19", "Crude Oil": "50.49"}, {"DATE": "2017-04-20", "Crude Oil": "50.26"}, {"DATE": "2017-04-21", "Crude Oil": "49.64"}, {"DATE": "2017-04-24", "Crude Oil": "48.90"}, {"DATE": "2017-04-25", "Crude Oil": "49.22"}, {"DATE": "2017-04-26", "Crude Oil": "49.22"}, {"DATE": "2017-04-27", "Crude Oil": "48.96"}, {"DATE": "2017-04-28", "Crude Oil": "49.31"}, {"DATE": "2017-05-01", "Crude Oil": "48.83"}, {"DATE": "2017-05-02", "Crude Oil": "47.65"}, {"DATE": "2017-05-03", "Crude Oil": "47.79"}, {"DATE": "2017-05-04", "Crude Oil": "45.55"}, {"DATE": "2017-05-05", "Crude Oil": "46.23"}, {"DATE": "2017-05-08", "Crude Oil": "46.46"}, {"DATE": "2017-05-09", "Crude Oil": "45.84"}, {"DATE": "2017-05-10", "Crude Oil": "47.28"}, {"DATE": "2017-05-11", "Crude Oil": "47.81"}, {"DATE": "2017-05-12", "Crude Oil": "47.83"}, {"DATE": "2017-05-15", "Crude Oil": "48.86"}, {"DATE": "2017-05-16", "Crude Oil": "48.64"}, {"DATE": "2017-05-17", "Crude Oil": "49.04"}, {"DATE": "2017-05-18", "Crude Oil": "49.36"}, {"DATE": "2017-05-19", "Crude Oil": "50.32"}, {"DATE": "2017-05-22", "Crude Oil": "50.81"}, {"DATE": "2017-05-23", "Crude Oil": "51.12"}, {"DATE": "2017-05-24", "Crude Oil": "50.99"}, {"DATE": "2017-05-25", "Crude Oil": "48.57"}, {"DATE": "2017-05-26", "Crude Oil": "49.58"}, {"DATE": "2017-05-29", "Crude Oil": "."}, {"DATE": "2017-05-30", "Crude Oil": "49.63"}, {"DATE": "2017-05-31", "Crude Oil": "48.29"}, {"DATE": "2017-06-01", "Crude Oil": "48.32"}, {"DATE": "2017-06-02", "Crude Oil": "47.68"}, {"DATE": "2017-06-05", "Crude Oil": "47.40"}, {"DATE": "2017-06-06", "Crude Oil": "48.13"}, {"DATE": "2017-06-07", "Crude Oil": "45.80"}, {"DATE": "2017-06-08", "Crude Oil": "45.68"}, {"DATE": "2017-06-09", "Crude Oil": "45.82"}, {"DATE": "2017-06-12", "Crude Oil": "46.10"}, {"DATE": "2017-06-13", "Crude Oil": "46.41"}, {"DATE": "2017-06-14", "Crude Oil": "44.79"}, {"DATE": "2017-06-15", "Crude Oil": "44.47"}, {"DATE": "2017-06-16", "Crude Oil": "44.73"}, {"DATE": "2017-06-19", "Crude Oil": "44.24"}, {"DATE": "2017-06-20", "Crude Oil": "43.34"}, {"DATE": "2017-06-21", "Crude Oil": "42.48"}, {"DATE": "2017-06-22", "Crude Oil": "42.53"}, {"DATE": "2017-06-23", "Crude Oil": "42.86"}, {"DATE": "2017-06-26", "Crude Oil": "43.24"}, {"DATE": "2017-06-27", "Crude Oil": "44.25"}, {"DATE": "2017-06-28", "Crude Oil": "44.74"}, {"DATE": "2017-06-29", "Crude Oil": "44.88"}, {"DATE": "2017-06-30", "Crude Oil": "46.02"}, {"DATE": "2017-07-03", "Crude Oil": "."}, {"DATE": "2017-07-04", "Crude Oil": "."}, {"DATE": "2017-07-05", "Crude Oil": "45.11"}, {"DATE": "2017-07-06", "Crude Oil": "45.52"}, {"DATE": "2017-07-07", "Crude Oil": "44.25"}, {"DATE": "2017-07-10", "Crude Oil": "44.40"}, {"DATE": "2017-07-11", "Crude Oil": "45.06"}, {"DATE": "2017-07-12", "Crude Oil": "45.48"}, {"DATE": "2017-07-13", "Crude Oil": "46.06"}, {"DATE": "2017-07-14", "Crude Oil": "46.53"}, {"DATE": "2017-07-17", "Crude Oil": "46.02"}, {"DATE": "2017-07-18", "Crude Oil": "46.40"}, {"DATE": "2017-07-19", "Crude Oil": "47.10"}, {"DATE": "2017-07-20", "Crude Oil": "46.73"}, {"DATE": "2017-07-21", "Crude Oil": "45.78"}, {"DATE": "2017-07-24", "Crude Oil": "46.21"}, {"DATE": "2017-07-25", "Crude Oil": "47.77"}, {"DATE": "2017-07-26", "Crude Oil": "48.58"}, {"DATE": "2017-07-27", "Crude Oil": "49.05"}, {"DATE": "2017-07-28", "Crude Oil": "49.72"}, {"DATE": "2017-07-31", "Crude Oil": "50.21"}, {"DATE": "2017-08-01", "Crude Oil": "49.19"}, {"DATE": "2017-08-02", "Crude Oil": "49.60"}, {"DATE": "2017-08-03", "Crude Oil": "49.03"}, {"DATE": "2017-08-04", "Crude Oil": "49.57"}, {"DATE": "2017-08-07", "Crude Oil": "49.37"}, {"DATE": "2017-08-08", "Crude Oil": "49.07"}, {"DATE": "2017-08-09", "Crude Oil": "49.59"}, {"DATE": "2017-08-10", "Crude Oil": "48.54"}, {"DATE": "2017-08-11", "Crude Oil": "48.81"}, {"DATE": "2017-08-14", "Crude Oil": "47.59"}, {"DATE": "2017-08-15", "Crude Oil": "47.57"}, {"DATE": "2017-08-16", "Crude Oil": "46.80"}, {"DATE": "2017-08-17", "Crude Oil": "47.07"}, {"DATE": "2017-08-18", "Crude Oil": "48.59"}, {"DATE": "2017-08-21", "Crude Oil": "47.39"}, {"DATE": "2017-08-22", "Crude Oil": "47.65"}, {"DATE": "2017-08-23", "Crude Oil": "48.45"}, {"DATE": "2017-08-24", "Crude Oil": "47.24"}, {"DATE": "2017-08-25", "Crude Oil": "47.65"}, {"DATE": "2017-08-28", "Crude Oil": "46.40"}, {"DATE": "2017-08-29", "Crude Oil": "46.46"}, {"DATE": "2017-08-30", "Crude Oil": "45.96"}, {"DATE": "2017-08-31", "Crude Oil": "47.26"}, {"DATE": "2017-09-01", "Crude Oil": "47.32"}, {"DATE": "2017-09-04", "Crude Oil": "."}, {"DATE": "2017-09-05", "Crude Oil": "48.63"}, {"DATE": "2017-09-06", "Crude Oil": "49.13"}, {"DATE": "2017-09-07", "Crude Oil": "49.10"}, {"DATE": "2017-09-08", "Crude Oil": "47.44"}, {"DATE": "2017-09-11", "Crude Oil": "48.06"}, {"DATE": "2017-09-12", "Crude Oil": "48.21"}, {"DATE": "2017-09-13", "Crude Oil": "49.30"}, {"DATE": "2017-09-14", "Crude Oil": "49.86"}, {"DATE": "2017-09-15", "Crude Oil": "49.90"}, {"DATE": "2017-09-18", "Crude Oil": "49.88"}, {"DATE": "2017-09-19", "Crude Oil": "49.54"}, {"DATE": "2017-09-20", "Crude Oil": "50.29"}, {"DATE": "2017-09-21", "Crude Oil": "50.58"}, {"DATE": "2017-09-22", "Crude Oil": "50.33"}, {"DATE": "2017-09-25", "Crude Oil": "51.85"}, {"DATE": "2017-09-26", "Crude Oil": "51.59"}, {"DATE": "2017-09-27", "Crude Oil": "52.14"}, {"DATE": "2017-09-28", "Crude Oil": "51.62"}, {"DATE": "2017-09-29", "Crude Oil": "51.67"}, {"DATE": "2017-10-02", "Crude Oil": "50.59"}, {"DATE": "2017-10-03", "Crude Oil": "50.44"}, {"DATE": "2017-10-04", "Crude Oil": "50.0"}, {"DATE": "2017-10-05", "Crude Oil": "50.79"}, {"DATE": "2017-10-06", "Crude Oil": "49.34"}, {"DATE": "2017-10-09", "Crude Oil": "49.58"}, {"DATE": "2017-10-10", "Crude Oil": "50.93"}, {"DATE": "2017-10-11", "Crude Oil": "51.3"}, {"DATE": "2017-10-12", "Crude Oil": "50.61"}, {"DATE": "2017-10-13", "Crude Oil": "51.43"}, {"DATE": "2017-10-16", "Crude Oil": "51.86"}, {"DATE": "2017-10-17", "Crude Oil": "51.87"}, {"DATE": "2017-10-18", "Crude Oil": "52.05"}, {"DATE": "2017-10-19", "Crude Oil": "51.29"}, {"DATE": "2017-10-20", "Crude Oil": "51.63"}, {"DATE": "2017-10-23", "Crude Oil": "51.91"}, {"DATE": "2017-10-24", "Crude Oil": "52.32"}, {"DATE": "2017-10-25", "Crude Oil": "51.97"}, {"DATE": "2017-10-26", "Crude Oil": "52.41"}, {"DATE": "2017-10-27", "Crude Oil": "53.92"}, {"DATE": "2017-10-30", "Crude Oil": "54.11"}, {"DATE": "2017-10-31", "Crude Oil": "54.36"}, {"DATE": "2017-11-01", "Crude Oil": "54.32"}, {"DATE": "2017-11-02", "Crude Oil": "54.55"}, {"DATE": "2017-11-03", "Crude Oil": "55.63"}, {"DATE": "2017-11-06", "Crude Oil": "57.34"}, {"DATE": "2017-11-07", "Crude Oil": "57.19"}, {"DATE": "2017-11-08", "Crude Oil": "56.82"}, {"DATE": "2017-11-09", "Crude Oil": "57.16"}, {"DATE": "2017-11-10", "Crude Oil": "56.75"}, {"DATE": "2017-11-13", "Crude Oil": "56.77"}, {"DATE": "2017-11-14", "Crude Oil": "55.67"}, {"DATE": "2017-11-15", "Crude Oil": "55.28"}, {"DATE": "2017-11-16", "Crude Oil": "55.14"}, {"DATE": "2017-11-17", "Crude Oil": "56.21"}, {"DATE": "2017-11-20", "Crude Oil": "56.21"}, {"DATE": "2017-11-21", "Crude Oil": "56.84"}, {"DATE": "2017-11-22", "Crude Oil": "57.88"}, {"DATE": "2017-11-23", "Crude Oil": "."}, {"DATE": "2017-11-24", "Crude Oil": "58.94"}, {"DATE": "2017-11-27", "Crude Oil": "58.1"}, {"DATE": "2017-11-28", "Crude Oil": "57.96"}, {"DATE": "2017-11-29", "Crude Oil": "57.25"}, {"DATE": "2017-11-30", "Crude Oil": "57.4"}, {"DATE": "2017-12-01", "Crude Oil": "58.35"}, {"DATE": "2017-12-04", "Crude Oil": "57.48"}, {"DATE": "2017-12-05", "Crude Oil": "57.66"}, {"DATE": "2017-12-06", "Crude Oil": "55.79"}, {"DATE": "2017-12-07", "Crude Oil": "56.5"}, {"DATE": "2017-12-08", "Crude Oil": "57.15"}, {"DATE": "2017-12-11", "Crude Oil": "57.84"}, {"DATE": "2017-12-12", "Crude Oil": "57.12"}, {"DATE": "2017-12-13", "Crude Oil": "56.59"}, {"DATE": "2017-12-14", "Crude Oil": "57.0"}, {"DATE": "2017-12-15", "Crude Oil": "57.29"}, {"DATE": "2017-12-18", "Crude Oil": "57.17"}, {"DATE": "2017-12-19", "Crude Oil": "57.49"}, {"DATE": "2017-12-20", "Crude Oil": "58.09"}, {"DATE": "2017-12-21", "Crude Oil": "58.34"}, {"DATE": "2017-12-22", "Crude Oil": "58.25"}, {"DATE": "2017-12-25", "Crude Oil": "."}, {"DATE": "2017-12-26", "Crude Oil": "59.55"}, {"DATE": "2017-12-27", "Crude Oil": "59.67"}, {"DATE": "2017-12-28", "Crude Oil": "59.84"}, {"DATE": "2017-12-29", "Crude Oil": "60.46"}, {"DATE": "2018-01-01", "Crude Oil": "."}, {"DATE": "2018-01-02", "Crude Oil": "60.37"}, {"DATE": "2018-01-03", "Crude Oil": "61.61"}, {"DATE": "2018-01-04", "Crude Oil": "61.98"}, {"DATE": "2018-01-05", "Crude Oil": "61.49"}, {"DATE": "2018-01-08", "Crude Oil": "61.73"}, {"DATE": "2018-01-09", "Crude Oil": "62.92"}, {"DATE": "2018-01-10", "Crude Oil": "63.6"}, {"DATE": "2018-01-11", "Crude Oil": "63.81"}, {"DATE": "2018-01-12", "Crude Oil": "64.22"}, {"DATE": "2018-01-15", "Crude Oil": "."}, {"DATE": "2018-01-16", "Crude Oil": "63.82"}, {"DATE": "2018-01-17", "Crude Oil": "63.92"}, {"DATE": "2018-01-18", "Crude Oil": "63.96"}, {"DATE": "2018-01-19", "Crude Oil": "63.38"}, {"DATE": "2018-01-22", "Crude Oil": "63.66"}, {"DATE": "2018-01-23", "Crude Oil": "64.45"}, {"DATE": "2018-01-24", "Crude Oil": "65.69"}, {"DATE": "2018-01-25", "Crude Oil": "65.62"}, {"DATE": "2018-01-26", "Crude Oil": "66.27"}, {"DATE": "2018-01-29", "Crude Oil": "65.71"}, {"DATE": "2018-01-30", "Crude Oil": "64.64"}, {"DATE": "2018-01-31", "Crude Oil": "64.82"}, {"DATE": "2018-02-01", "Crude Oil": "65.92"}, {"DATE": "2018-02-02", "Crude Oil": "65.5"}, {"DATE": "2018-02-05", "Crude Oil": "64.18"}, {"DATE": "2018-02-06", "Crude Oil": "63.48"}, {"DATE": "2018-02-07", "Crude Oil": "61.91"}, {"DATE": "2018-02-08", "Crude Oil": "61.3"}, {"DATE": "2018-02-09", "Crude Oil": "59.2"}, {"DATE": "2018-02-12", "Crude Oil": "59.41"}, {"DATE": "2018-02-13", "Crude Oil": "59.33"}, {"DATE": "2018-02-14", "Crude Oil": "60.7"}, {"DATE": "2018-02-15", "Crude Oil": "61.48"}, {"DATE": "2018-02-16", "Crude Oil": "61.89"}, {"DATE": "2018-02-19", "Crude Oil": "."}, {"DATE": "2018-02-20", "Crude Oil": "61.91"}, {"DATE": "2018-02-21", "Crude Oil": "61.73"}, {"DATE": "2018-02-22", "Crude Oil": "62.72"}, {"DATE": "2018-02-23", "Crude Oil": "63.52"}, {"DATE": "2018-02-26", "Crude Oil": "63.81"}, {"DATE": "2018-02-27", "Crude Oil": "62.94"}, {"DATE": "2018-02-28", "Crude Oil": "61.43"}, {"DATE": "2018-03-01", "Crude Oil": "60.98"}, {"DATE": "2018-03-02", "Crude Oil": "61.19"}, {"DATE": "2018-03-05", "Crude Oil": "62.49"}, {"DATE": "2018-03-06", "Crude Oil": "62.54"}, {"DATE": "2018-03-07", "Crude Oil": "61.09"}, {"DATE": "2018-03-08", "Crude Oil": "60.13"}, {"DATE": "2018-03-09", "Crude Oil": "62.02"}, {"DATE": "2018-03-12", "Crude Oil": "61.35"}, {"DATE": "2018-03-13", "Crude Oil": "60.69"}, {"DATE": "2018-03-14", "Crude Oil": "60.89"}, {"DATE": "2018-03-15", "Crude Oil": "61.16"}, {"DATE": "2018-03-16", "Crude Oil": "62.29"}, {"DATE": "2018-03-19", "Crude Oil": "62.01"}, {"DATE": "2018-03-20", "Crude Oil": "63.37"}, {"DATE": "2018-03-21", "Crude Oil": "65.1"}, {"DATE": "2018-03-22", "Crude Oil": "64.25"}, {"DATE": "2018-03-23", "Crude Oil": "65.8"}, {"DATE": "2018-03-26", "Crude Oil": "65.49"}, {"DATE": "2018-03-27", "Crude Oil": "65.21"}, {"DATE": "2018-03-28", "Crude Oil": "64.3"}, {"DATE": "2018-03-29", "Crude Oil": "64.87"}, {"DATE": "2018-03-30", "Crude Oil": "."}, {"DATE": "2018-04-02", "Crude Oil": "63.05"}, {"DATE": "2018-04-03", "Crude Oil": "63.41"}, {"DATE": "2018-04-04", "Crude Oil": "63.35"}, {"DATE": "2018-04-05", "Crude Oil": "63.53"}, {"DATE": "2018-04-06", "Crude Oil": "62.03"}, {"DATE": "2018-04-09", "Crude Oil": "63.4"}, {"DATE": "2018-04-10", "Crude Oil": "65.48"}, {"DATE": "2018-04-11", "Crude Oil": "66.81"}, {"DATE": "2018-04-12", "Crude Oil": "67.07"}, {"DATE": "2018-04-13", "Crude Oil": "67.35"}, {"DATE": "2018-04-16", "Crude Oil": "66.23"}, {"DATE": "2018-04-17", "Crude Oil": "66.5"}, {"DATE": "2018-04-18", "Crude Oil": "68.44"}, {"DATE": "2018-04-19", "Crude Oil": "68.3"}, {"DATE": "2018-04-20", "Crude Oil": "68.26"}, {"DATE": "2018-04-23", "Crude Oil": "67.61"}, {"DATE": "2018-04-24", "Crude Oil": "67.66"}, {"DATE": "2018-04-25", "Crude Oil": "68.0"}, {"DATE": "2018-04-26", "Crude Oil": "68.18"}, {"DATE": "2018-04-27", "Crude Oil": "68.11"}, {"DATE": "2018-04-30", "Crude Oil": "68.56"}, {"DATE": "2018-05-01", "Crude Oil": "67.28"}, {"DATE": "2018-05-02", "Crude Oil": "67.91"}, {"DATE": "2018-05-03", "Crude Oil": "68.45"}, {"DATE": "2018-05-04", "Crude Oil": "69.71"}, {"DATE": "2018-05-07", "Crude Oil": "70.74"}, {"DATE": "2018-05-08", "Crude Oil": "68.83"}, {"DATE": "2018-05-09", "Crude Oil": "71.16"}, {"DATE": "2018-05-10", "Crude Oil": "71.36"}, {"DATE": "2018-05-11", "Crude Oil": "70.69"}, {"DATE": "2018-05-14", "Crude Oil": "71.01"}, {"DATE": "2018-05-15", "Crude Oil": "71.34"}, {"DATE": "2018-05-16", "Crude Oil": "71.43"}, {"DATE": "2018-05-17", "Crude Oil": "71.47"}, {"DATE": "2018-05-18", "Crude Oil": "71.23"}, {"DATE": "2018-05-21", "Crude Oil": "72.26"}]