[{"DATE": "DATE", "Yuan/US Exchange Rate": "Yuan/US Exchange Rate"}, {"DATE": "2017-01-20", "Yuan/US Exchange Rate": "."}, {"DATE": "2017-01-23", "Yuan/US Exchange Rate": "6.8514"}, {"DATE": "2017-01-24", "Yuan/US Exchange Rate": "6.8555"}, {"DATE": "2017-01-25", "Yuan/US Exchange Rate": "6.8812"}, {"DATE": "2017-01-26", "Yuan/US Exchange Rate": "6.8768"}, {"DATE": "2017-01-27", "Yuan/US Exchange Rate": "6.8768"}, {"DATE": "2017-01-30", "Yuan/US Exchange Rate": "6.8768"}, {"DATE": "2017-01-31", "Yuan/US Exchange Rate": "6.8768"}, {"DATE": "2017-02-01", "Yuan/US Exchange Rate": "6.8768"}, {"DATE": "2017-02-02", "Yuan/US Exchange Rate": "6.8768"}, {"DATE": "2017-02-03", "Yuan/US Exchange Rate": "6.8650"}, {"DATE": "2017-02-06", "Yuan/US Exchange Rate": "6.8600"}, {"DATE": "2017-02-07", "Yuan/US Exchange Rate": "6.8821"}, {"DATE": "2017-02-08", "Yuan/US Exchange Rate": "6.8700"}, {"DATE": "2017-02-09", "Yuan/US Exchange Rate": "6.8660"}, {"DATE": "2017-02-10", "Yuan/US Exchange Rate": "6.8775"}, {"DATE": "2017-02-13", "Yuan/US Exchange Rate": "6.8776"}, {"DATE": "2017-02-14", "Yuan/US Exchange Rate": "6.8649"}, {"DATE": "2017-02-15", "Yuan/US Exchange Rate": "6.8685"}, {"DATE": "2017-02-16", "Yuan/US Exchange Rate": "6.8517"}, {"DATE": "2017-02-17", "Yuan/US Exchange Rate": "6.8640"}, {"DATE": "2017-02-20", "Yuan/US Exchange Rate": "."}, {"DATE": "2017-02-21", "Yuan/US Exchange Rate": "6.8810"}, {"DATE": "2017-02-22", "Yuan/US Exchange Rate": "6.8765"}, {"DATE": "2017-02-23", "Yuan/US Exchange Rate": "6.8622"}, {"DATE": "2017-02-24", "Yuan/US Exchange Rate": "6.8645"}, {"DATE": "2017-02-27", "Yuan/US Exchange Rate": "6.8675"}, {"DATE": "2017-02-28", "Yuan/US Exchange Rate": "6.8665"}, {"DATE": "2017-03-01", "Yuan/US Exchange Rate": "6.8794"}, {"DATE": "2017-03-02", "Yuan/US Exchange Rate": "6.8868"}, {"DATE": "2017-03-03", "Yuan/US Exchange Rate": "6.8954"}, {"DATE": "2017-03-06", "Yuan/US Exchange Rate": "6.8955"}, {"DATE": "2017-03-07", "Yuan/US Exchange Rate": "6.9000"}, {"DATE": "2017-03-08", "Yuan/US Exchange Rate": "6.9113"}, {"DATE": "2017-03-09", "Yuan/US Exchange Rate": "6.9086"}, {"DATE": "2017-03-10", "Yuan/US Exchange Rate": "6.9050"}, {"DATE": "2017-03-13", "Yuan/US Exchange Rate": "6.9050"}, {"DATE": "2017-03-14", "Yuan/US Exchange Rate": "6.9130"}, {"DATE": "2017-03-15", "Yuan/US Exchange Rate": "6.9132"}, {"DATE": "2017-03-16", "Yuan/US Exchange Rate": "6.9130"}, {"DATE": "2017-03-17", "Yuan/US Exchange Rate": "6.9000"}, {"DATE": "2017-03-20", "Yuan/US Exchange Rate": "6.9050"}, {"DATE": "2017-03-21", "Yuan/US Exchange Rate": "6.8830"}, {"DATE": "2017-03-22", "Yuan/US Exchange Rate": "6.8785"}, {"DATE": "2017-03-23", "Yuan/US Exchange Rate": "6.8843"}, {"DATE": "2017-03-24", "Yuan/US Exchange Rate": "6.8803"}, {"DATE": "2017-03-27", "Yuan/US Exchange Rate": "6.8687"}, {"DATE": "2017-03-28", "Yuan/US Exchange Rate": "6.8779"}, {"DATE": "2017-03-29", "Yuan/US Exchange Rate": "6.8879"}, {"DATE": "2017-03-30", "Yuan/US Exchange Rate": "6.8870"}, {"DATE": "2017-03-31", "Yuan/US Exchange Rate": "6.8832"}, {"DATE": "2017-04-03", "Yuan/US Exchange Rate": "6.8832"}, {"DATE": "2017-04-04", "Yuan/US Exchange Rate": "6.8832"}, {"DATE": "2017-04-05", "Yuan/US Exchange Rate": "6.8920"}, {"DATE": "2017-04-06", "Yuan/US Exchange Rate": "6.8955"}, {"DATE": "2017-04-07", "Yuan/US Exchange Rate": "6.8978"}, {"DATE": "2017-04-10", "Yuan/US Exchange Rate": "6.8988"}, {"DATE": "2017-04-11", "Yuan/US Exchange Rate": "6.8893"}, {"DATE": "2017-04-12", "Yuan/US Exchange Rate": "6.8890"}, {"DATE": "2017-04-13", "Yuan/US Exchange Rate": "6.8865"}, {"DATE": "2017-04-14", "Yuan/US Exchange Rate": "6.8835"}, {"DATE": "2017-04-17", "Yuan/US Exchange Rate": "6.8800"}, {"DATE": "2017-04-18", "Yuan/US Exchange Rate": "6.8778"}, {"DATE": "2017-04-19", "Yuan/US Exchange Rate": "6.8860"}, {"DATE": "2017-04-20", "Yuan/US Exchange Rate": "6.8800"}, {"DATE": "2017-04-21", "Yuan/US Exchange Rate": "6.8845"}, {"DATE": "2017-04-24", "Yuan/US Exchange Rate": "6.8840"}, {"DATE": "2017-04-25", "Yuan/US Exchange Rate": "6.8824"}, {"DATE": "2017-04-26", "Yuan/US Exchange Rate": "6.8918"}, {"DATE": "2017-04-27", "Yuan/US Exchange Rate": "6.8958"}, {"DATE": "2017-04-28", "Yuan/US Exchange Rate": "6.8900"}, {"DATE": "2017-05-01", "Yuan/US Exchange Rate": "6.8900"}, {"DATE": "2017-05-02", "Yuan/US Exchange Rate": "6.8949"}, {"DATE": "2017-05-03", "Yuan/US Exchange Rate": "6.8968"}, {"DATE": "2017-05-04", "Yuan/US Exchange Rate": "6.8959"}, {"DATE": "2017-05-05", "Yuan/US Exchange Rate": "6.9021"}, {"DATE": "2017-05-08", "Yuan/US Exchange Rate": "6.9040"}, {"DATE": "2017-05-09", "Yuan/US Exchange Rate": "6.9060"}, {"DATE": "2017-05-10", "Yuan/US Exchange Rate": "6.9011"}, {"DATE": "2017-05-11", "Yuan/US Exchange Rate": "6.9033"}, {"DATE": "2017-05-12", "Yuan/US Exchange Rate": "6.8972"}, {"DATE": "2017-05-15", "Yuan/US Exchange Rate": "6.8900"}, {"DATE": "2017-05-16", "Yuan/US Exchange Rate": "6.8840"}, {"DATE": "2017-05-17", "Yuan/US Exchange Rate": "6.8773"}, {"DATE": "2017-05-18", "Yuan/US Exchange Rate": "6.8880"}, {"DATE": "2017-05-19", "Yuan/US Exchange Rate": "6.8830"}, {"DATE": "2017-05-22", "Yuan/US Exchange Rate": "6.8828"}, {"DATE": "2017-05-23", "Yuan/US Exchange Rate": "6.8880"}, {"DATE": "2017-05-24", "Yuan/US Exchange Rate": "6.8883"}, {"DATE": "2017-05-25", "Yuan/US Exchange Rate": "6.8672"}, {"DATE": "2017-05-26", "Yuan/US Exchange Rate": "6.8525"}, {"DATE": "2017-05-29", "Yuan/US Exchange Rate": "."}, {"DATE": "2017-05-30", "Yuan/US Exchange Rate": "6.8525"}, {"DATE": "2017-05-31", "Yuan/US Exchange Rate": "6.8098"}, {"DATE": "2017-06-01", "Yuan/US Exchange Rate": "6.8029"}, {"DATE": "2017-06-02", "Yuan/US Exchange Rate": "6.8085"}, {"DATE": "2017-06-05", "Yuan/US Exchange Rate": "6.8030"}, {"DATE": "2017-06-06", "Yuan/US Exchange Rate": "6.7945"}, {"DATE": "2017-06-07", "Yuan/US Exchange Rate": "6.7935"}, {"DATE": "2017-06-08", "Yuan/US Exchange Rate": "6.7990"}, {"DATE": "2017-06-09", "Yuan/US Exchange Rate": "6.7970"}, {"DATE": "2017-06-12", "Yuan/US Exchange Rate": "6.7974"}, {"DATE": "2017-06-13", "Yuan/US Exchange Rate": "6.7981"}, {"DATE": "2017-06-14", "Yuan/US Exchange Rate": "6.7888"}, {"DATE": "2017-06-15", "Yuan/US Exchange Rate": "6.8061"}, {"DATE": "2017-06-16", "Yuan/US Exchange Rate": "6.8097"}, {"DATE": "2017-06-19", "Yuan/US Exchange Rate": "6.8180"}, {"DATE": "2017-06-20", "Yuan/US Exchange Rate": "6.8285"}, {"DATE": "2017-06-21", "Yuan/US Exchange Rate": "6.8275"}, {"DATE": "2017-06-22", "Yuan/US Exchange Rate": "6.8275"}, {"DATE": "2017-06-23", "Yuan/US Exchange Rate": "6.8345"}, {"DATE": "2017-06-26", "Yuan/US Exchange Rate": "6.8382"}, {"DATE": "2017-06-27", "Yuan/US Exchange Rate": "6.8100"}, {"DATE": "2017-06-28", "Yuan/US Exchange Rate": "6.7984"}, {"DATE": "2017-06-29", "Yuan/US Exchange Rate": "6.7840"}, {"DATE": "2017-06-30", "Yuan/US Exchange Rate": "6.7793"}, {"DATE": "2017-07-03", "Yuan/US Exchange Rate": "6.7984"}, {"DATE": "2017-07-04", "Yuan/US Exchange Rate": "."}, {"DATE": "2017-07-05", "Yuan/US Exchange Rate": "6.7995"}, {"DATE": "2017-07-06", "Yuan/US Exchange Rate": "6.7990"}, {"DATE": "2017-07-07", "Yuan/US Exchange Rate": "6.8039"}, {"DATE": "2017-07-10", "Yuan/US Exchange Rate": "6.8026"}, {"DATE": "2017-07-11", "Yuan/US Exchange Rate": "6.8010"}, {"DATE": "2017-07-12", "Yuan/US Exchange Rate": "6.7865"}, {"DATE": "2017-07-13", "Yuan/US Exchange Rate": "6.7825"}, {"DATE": "2017-07-14", "Yuan/US Exchange Rate": "6.7741"}, {"DATE": "2017-07-17", "Yuan/US Exchange Rate": "6.7690"}, {"DATE": "2017-07-18", "Yuan/US Exchange Rate": "6.7451"}, {"DATE": "2017-07-19", "Yuan/US Exchange Rate": "6.7511"}, {"DATE": "2017-07-20", "Yuan/US Exchange Rate": "6.7570"}, {"DATE": "2017-07-21", "Yuan/US Exchange Rate": "6.7663"}, {"DATE": "2017-07-24", "Yuan/US Exchange Rate": "6.7488"}, {"DATE": "2017-07-25", "Yuan/US Exchange Rate": "6.7495"}, {"DATE": "2017-07-26", "Yuan/US Exchange Rate": "6.7530"}, {"DATE": "2017-07-27", "Yuan/US Exchange Rate": "6.7410"}, {"DATE": "2017-07-28", "Yuan/US Exchange Rate": "6.7362"}, {"DATE": "2017-07-31", "Yuan/US Exchange Rate": "6.7240"}, {"DATE": "2017-08-01", "Yuan/US Exchange Rate": "6.7170"}, {"DATE": "2017-08-02", "Yuan/US Exchange Rate": "6.7200"}, {"DATE": "2017-08-03", "Yuan/US Exchange Rate": "6.7150"}, {"DATE": "2017-08-04", "Yuan/US Exchange Rate": "6.7272"}, {"DATE": "2017-08-07", "Yuan/US Exchange Rate": "6.7207"}, {"DATE": "2017-08-08", "Yuan/US Exchange Rate": "6.7049"}, {"DATE": "2017-08-09", "Yuan/US Exchange Rate": "6.6720"}, {"DATE": "2017-08-10", "Yuan/US Exchange Rate": "6.6460"}, {"DATE": "2017-08-11", "Yuan/US Exchange Rate": "6.6612"}, {"DATE": "2017-08-14", "Yuan/US Exchange Rate": "6.6695"}, {"DATE": "2017-08-15", "Yuan/US Exchange Rate": "6.6845"}, {"DATE": "2017-08-16", "Yuan/US Exchange Rate": "6.6900"}, {"DATE": "2017-08-17", "Yuan/US Exchange Rate": "6.6730"}, {"DATE": "2017-08-18", "Yuan/US Exchange Rate": "6.6700"}, {"DATE": "2017-08-21", "Yuan/US Exchange Rate": "6.6630"}, {"DATE": "2017-08-22", "Yuan/US Exchange Rate": "6.6600"}, {"DATE": "2017-08-23", "Yuan/US Exchange Rate": "6.6569"}, {"DATE": "2017-08-24", "Yuan/US Exchange Rate": "6.6600"}, {"DATE": "2017-08-25", "Yuan/US Exchange Rate": "6.6465"}, {"DATE": "2017-08-28", "Yuan/US Exchange Rate": "6.6084"}, {"DATE": "2017-08-29", "Yuan/US Exchange Rate": "6.5945"}, {"DATE": "2017-08-30", "Yuan/US Exchange Rate": "6.5918"}, {"DATE": "2017-08-31", "Yuan/US Exchange Rate": "6.5888"}, {"DATE": "2017-09-01", "Yuan/US Exchange Rate": "6.5552"}, {"DATE": "2017-09-04", "Yuan/US Exchange Rate": "."}, {"DATE": "2017-09-05", "Yuan/US Exchange Rate": "6.5345"}, {"DATE": "2017-09-06", "Yuan/US Exchange Rate": "6.5221"}, {"DATE": "2017-09-07", "Yuan/US Exchange Rate": "6.4830"}, {"DATE": "2017-09-08", "Yuan/US Exchange Rate": "6.4773"}, {"DATE": "2017-09-11", "Yuan/US Exchange Rate": "6.5254"}, {"DATE": "2017-09-12", "Yuan/US Exchange Rate": "6.5334"}, {"DATE": "2017-09-13", "Yuan/US Exchange Rate": "6.5400"}, {"DATE": "2017-09-14", "Yuan/US Exchange Rate": "6.5520"}, {"DATE": "2017-09-15", "Yuan/US Exchange Rate": "6.5500"}, {"DATE": "2017-09-18", "Yuan/US Exchange Rate": "6.5725"}, {"DATE": "2017-09-19", "Yuan/US Exchange Rate": "6.5800"}, {"DATE": "2017-09-20", "Yuan/US Exchange Rate": "6.5700"}, {"DATE": "2017-09-21", "Yuan/US Exchange Rate": "6.5861"}, {"DATE": "2017-09-22", "Yuan/US Exchange Rate": "6.5899"}, {"DATE": "2017-09-25", "Yuan/US Exchange Rate": "6.6189"}, {"DATE": "2017-09-26", "Yuan/US Exchange Rate": "6.6371"}, {"DATE": "2017-09-27", "Yuan/US Exchange Rate": "6.6400"}, {"DATE": "2017-09-28", "Yuan/US Exchange Rate": "6.6591"}, {"DATE": "2017-09-29", "Yuan/US Exchange Rate": "6.6533"}, {"DATE": "2017-10-02", "Yuan/US Exchange Rate": "6.6533"}, {"DATE": "2017-10-03", "Yuan/US Exchange Rate": "6.6533"}, {"DATE": "2017-10-04", "Yuan/US Exchange Rate": "6.6533"}, {"DATE": "2017-10-05", "Yuan/US Exchange Rate": "6.6533"}, {"DATE": "2017-10-06", "Yuan/US Exchange Rate": "6.6533"}, {"DATE": "2017-10-09", "Yuan/US Exchange Rate": "."}, {"DATE": "2017-10-10", "Yuan/US Exchange Rate": "6.5712"}, {"DATE": "2017-10-11", "Yuan/US Exchange Rate": "6.5870"}, {"DATE": "2017-10-12", "Yuan/US Exchange Rate": "6.5855"}, {"DATE": "2017-10-13", "Yuan/US Exchange Rate": "6.5785"}, {"DATE": "2017-10-16", "Yuan/US Exchange Rate": "6.5885"}, {"DATE": "2017-10-17", "Yuan/US Exchange Rate": "6.6220"}, {"DATE": "2017-10-18", "Yuan/US Exchange Rate": "6.6250"}, {"DATE": "2017-10-19", "Yuan/US Exchange Rate": "6.6126"}, {"DATE": "2017-10-20", "Yuan/US Exchange Rate": "6.6185"}, {"DATE": "2017-10-23", "Yuan/US Exchange Rate": "6.6380"}, {"DATE": "2017-10-24", "Yuan/US Exchange Rate": "6.6335"}, {"DATE": "2017-10-25", "Yuan/US Exchange Rate": "6.6350"}, {"DATE": "2017-10-26", "Yuan/US Exchange Rate": "6.6392"}, {"DATE": "2017-10-27", "Yuan/US Exchange Rate": "6.6498"}, {"DATE": "2017-10-30", "Yuan/US Exchange Rate": "6.6498"}, {"DATE": "2017-10-31", "Yuan/US Exchange Rate": "6.6328"}, {"DATE": "2017-11-01", "Yuan/US Exchange Rate": "6.6018"}, {"DATE": "2017-11-02", "Yuan/US Exchange Rate": "6.6068"}, {"DATE": "2017-11-03", "Yuan/US Exchange Rate": "6.6360"}, {"DATE": "2017-11-06", "Yuan/US Exchange Rate": "6.6311"}, {"DATE": "2017-11-07", "Yuan/US Exchange Rate": "6.6380"}, {"DATE": "2017-11-08", "Yuan/US Exchange Rate": "6.6249"}, {"DATE": "2017-11-09", "Yuan/US Exchange Rate": "6.6378"}, {"DATE": "2017-11-10", "Yuan/US Exchange Rate": "."}, {"DATE": "2017-11-13", "Yuan/US Exchange Rate": "6.6385"}, {"DATE": "2017-11-14", "Yuan/US Exchange Rate": "6.6350"}, {"DATE": "2017-11-15", "Yuan/US Exchange Rate": "6.6200"}, {"DATE": "2017-11-16", "Yuan/US Exchange Rate": "6.6273"}, {"DATE": "2017-11-17", "Yuan/US Exchange Rate": "6.6245"}, {"DATE": "2017-11-20", "Yuan/US Exchange Rate": "6.6245"}, {"DATE": "2017-11-21", "Yuan/US Exchange Rate": "6.6265"}, {"DATE": "2017-11-22", "Yuan/US Exchange Rate": "6.6086"}, {"DATE": "2017-11-23", "Yuan/US Exchange Rate": "."}, {"DATE": "2017-11-24", "Yuan/US Exchange Rate": "6.5998"}, {"DATE": "2017-11-27", "Yuan/US Exchange Rate": "6.5967"}, {"DATE": "2017-11-28", "Yuan/US Exchange Rate": "6.6044"}, {"DATE": "2017-11-29", "Yuan/US Exchange Rate": "6.6091"}, {"DATE": "2017-11-30", "Yuan/US Exchange Rate": "6.6090"}, {"DATE": "2017-12-01", "Yuan/US Exchange Rate": "6.6137"}, {"DATE": "2017-12-04", "Yuan/US Exchange Rate": "6.6185"}, {"DATE": "2017-12-05", "Yuan/US Exchange Rate": "6.6170"}, {"DATE": "2017-12-06", "Yuan/US Exchange Rate": "6.6136"}, {"DATE": "2017-12-07", "Yuan/US Exchange Rate": "6.6173"}, {"DATE": "2017-12-08", "Yuan/US Exchange Rate": "6.6199"}, {"DATE": "2017-12-11", "Yuan/US Exchange Rate": "6.6175"}, {"DATE": "2017-12-12", "Yuan/US Exchange Rate": "6.6210"}, {"DATE": "2017-12-13", "Yuan/US Exchange Rate": "6.6171"}, {"DATE": "2017-12-14", "Yuan/US Exchange Rate": "6.6091"}, {"DATE": "2017-12-15", "Yuan/US Exchange Rate": "6.6088"}, {"DATE": "2017-12-18", "Yuan/US Exchange Rate": "6.6088"}, {"DATE": "2017-12-19", "Yuan/US Exchange Rate": "6.6088"}, {"DATE": "2017-12-20", "Yuan/US Exchange Rate": "6.5771"}, {"DATE": "2017-12-21", "Yuan/US Exchange Rate": "6.5833"}, {"DATE": "2017-12-22", "Yuan/US Exchange Rate": "6.5750"}, {"DATE": "2017-12-25", "Yuan/US Exchange Rate": "."}, {"DATE": "2017-12-26", "Yuan/US Exchange Rate": "6.5429"}, {"DATE": "2017-12-27", "Yuan/US Exchange Rate": "6.5560"}, {"DATE": "2017-12-28", "Yuan/US Exchange Rate": "6.5322"}, {"DATE": "2017-12-29", "Yuan/US Exchange Rate": "6.5063"}, {"DATE": "2018-01-01", "Yuan/US Exchange Rate": "."}, {"DATE": "2018-01-02", "Yuan/US Exchange Rate": "6.4910"}, {"DATE": "2018-01-03", "Yuan/US Exchange Rate": "6.5010"}, {"DATE": "2018-01-04", "Yuan/US Exchange Rate": "6.4915"}, {"DATE": "2018-01-05", "Yuan/US Exchange Rate": "6.4875"}, {"DATE": "2018-01-08", "Yuan/US Exchange Rate": "6.4970"}, {"DATE": "2018-01-09", "Yuan/US Exchange Rate": "6.5263"}, {"DATE": "2018-01-10", "Yuan/US Exchange Rate": "6.5055"}, {"DATE": "2018-01-11", "Yuan/US Exchange Rate": "6.4956"}, {"DATE": "2018-01-12", "Yuan/US Exchange Rate": "6.4607"}, {"DATE": "2018-01-15", "Yuan/US Exchange Rate": "."}, {"DATE": "2018-01-16", "Yuan/US Exchange Rate": "6.4395"}, {"DATE": "2018-01-17", "Yuan/US Exchange Rate": "6.4330"}, {"DATE": "2018-01-18", "Yuan/US Exchange Rate": "6.4175"}, {"DATE": "2018-01-19", "Yuan/US Exchange Rate": "6.3990"}, {"DATE": "2018-01-22", "Yuan/US Exchange Rate": "6.4035"}, {"DATE": "2018-01-23", "Yuan/US Exchange Rate": "6.4000"}, {"DATE": "2018-01-24", "Yuan/US Exchange Rate": "6.3650"}, {"DATE": "2018-01-25", "Yuan/US Exchange Rate": "6.3189"}, {"DATE": "2018-01-26", "Yuan/US Exchange Rate": "6.3199"}, {"DATE": "2018-01-29", "Yuan/US Exchange Rate": "6.3328"}, {"DATE": "2018-01-30", "Yuan/US Exchange Rate": "6.3199"}, {"DATE": "2018-01-31", "Yuan/US Exchange Rate": "6.2841"}, {"DATE": "2018-02-01", "Yuan/US Exchange Rate": "6.2969"}, {"DATE": "2018-02-02", "Yuan/US Exchange Rate": "6.2984"}, {"DATE": "2018-02-05", "Yuan/US Exchange Rate": "6.2850"}, {"DATE": "2018-02-06", "Yuan/US Exchange Rate": "6.2830"}, {"DATE": "2018-02-07", "Yuan/US Exchange Rate": "6.2649"}, {"DATE": "2018-02-08", "Yuan/US Exchange Rate": "6.3222"}, {"DATE": "2018-02-09", "Yuan/US Exchange Rate": "6.2966"}, {"DATE": "2018-02-12", "Yuan/US Exchange Rate": "6.3250"}, {"DATE": "2018-02-13", "Yuan/US Exchange Rate": "6.3380"}, {"DATE": "2018-02-14", "Yuan/US Exchange Rate": "6.3438"}, {"DATE": "2018-02-15", "Yuan/US Exchange Rate": "6.3438"}, {"DATE": "2018-02-16", "Yuan/US Exchange Rate": "6.3438"}, {"DATE": "2018-02-19", "Yuan/US Exchange Rate": "."}, {"DATE": "2018-02-20", "Yuan/US Exchange Rate": "6.3351"}, {"DATE": "2018-02-21", "Yuan/US Exchange Rate": "6.3351"}, {"DATE": "2018-02-22", "Yuan/US Exchange Rate": "6.3471"}, {"DATE": "2018-02-23", "Yuan/US Exchange Rate": "6.3329"}, {"DATE": "2018-02-26", "Yuan/US Exchange Rate": "6.3115"}, {"DATE": "2018-02-27", "Yuan/US Exchange Rate": "6.3169"}, {"DATE": "2018-02-28", "Yuan/US Exchange Rate": "6.328"}, {"DATE": "2018-03-01", "Yuan/US Exchange Rate": "6.3565"}, {"DATE": "2018-03-02", "Yuan/US Exchange Rate": "6.3428"}, {"DATE": "2018-03-05", "Yuan/US Exchange Rate": "6.3491"}, {"DATE": "2018-03-06", "Yuan/US Exchange Rate": "6.3093"}, {"DATE": "2018-03-07", "Yuan/US Exchange Rate": "6.3225"}, {"DATE": "2018-03-08", "Yuan/US Exchange Rate": "6.3389"}, {"DATE": "2018-03-09", "Yuan/US Exchange Rate": "6.3285"}, {"DATE": "2018-03-12", "Yuan/US Exchange Rate": "6.327"}, {"DATE": "2018-03-13", "Yuan/US Exchange Rate": "6.318"}, {"DATE": "2018-03-14", "Yuan/US Exchange Rate": "6.314"}, {"DATE": "2018-03-15", "Yuan/US Exchange Rate": "6.3202"}, {"DATE": "2018-03-16", "Yuan/US Exchange Rate": "6.33"}, {"DATE": "2018-03-19", "Yuan/US Exchange Rate": "6.3291"}, {"DATE": "2018-03-20", "Yuan/US Exchange Rate": "6.3328"}, {"DATE": "2018-03-21", "Yuan/US Exchange Rate": "6.32"}, {"DATE": "2018-03-22", "Yuan/US Exchange Rate": "6.331"}, {"DATE": "2018-03-23", "Yuan/US Exchange Rate": "6.311"}, {"DATE": "2018-03-26", "Yuan/US Exchange Rate": "6.2685"}, {"DATE": "2018-03-27", "Yuan/US Exchange Rate": "6.2781"}, {"DATE": "2018-03-28", "Yuan/US Exchange Rate": "6.2946"}, {"DATE": "2018-03-29", "Yuan/US Exchange Rate": "6.2876"}, {"DATE": "2018-03-30", "Yuan/US Exchange Rate": "6.2726"}, {"DATE": "2018-04-02", "Yuan/US Exchange Rate": "6.2785"}, {"DATE": "2018-04-03", "Yuan/US Exchange Rate": "6.2881"}, {"DATE": "2018-04-04", "Yuan/US Exchange Rate": "6.3045"}, {"DATE": "2018-04-05", "Yuan/US Exchange Rate": "6.3045"}, {"DATE": "2018-04-06", "Yuan/US Exchange Rate": "6.3045"}, {"DATE": "2018-04-09", "Yuan/US Exchange Rate": "6.3035"}, {"DATE": "2018-04-10", "Yuan/US Exchange Rate": "6.2798"}, {"DATE": "2018-04-11", "Yuan/US Exchange Rate": "6.2655"}, {"DATE": "2018-04-12", "Yuan/US Exchange Rate": "6.2876"}, {"DATE": "2018-04-13", "Yuan/US Exchange Rate": "6.2725"}, {"DATE": "2018-04-16", "Yuan/US Exchange Rate": "6.2752"}, {"DATE": "2018-04-17", "Yuan/US Exchange Rate": "6.2804"}, {"DATE": "2018-04-18", "Yuan/US Exchange Rate": "6.2722"}, {"DATE": "2018-04-19", "Yuan/US Exchange Rate": "6.2765"}, {"DATE": "2018-04-20", "Yuan/US Exchange Rate": "6.2945"}, {"DATE": "2018-04-23", "Yuan/US Exchange Rate": "6.3158"}, {"DATE": "2018-04-24", "Yuan/US Exchange Rate": "6.3035"}, {"DATE": "2018-04-25", "Yuan/US Exchange Rate": "6.3236"}, {"DATE": "2018-04-26", "Yuan/US Exchange Rate": "6.334"}, {"DATE": "2018-04-27", "Yuan/US Exchange Rate": "6.3325"}, {"DATE": "2018-04-30", "Yuan/US Exchange Rate": "6.3325"}, {"DATE": "2018-05-01", "Yuan/US Exchange Rate": "6.3325"}, {"DATE": "2018-05-02", "Yuan/US Exchange Rate": "6.361"}, {"DATE": "2018-05-03", "Yuan/US Exchange Rate": "6.352"}, {"DATE": "2018-05-04", "Yuan/US Exchange Rate": "6.3589"}, {"DATE": "2018-05-07", "Yuan/US Exchange Rate": "6.364"}, {"DATE": "2018-05-08", "Yuan/US Exchange Rate": "6.369"}, {"DATE": "2018-05-09", "Yuan/US Exchange Rate": "6.3585"}, {"DATE": "2018-05-10", "Yuan/US Exchange Rate": "6.344"}, {"DATE": "2018-05-11", "Yuan/US Exchange Rate": "6.3333"}, {"DATE": "2018-05-14", "Yuan/US Exchange Rate": "6.336"}, {"DATE": "2018-05-15", "Yuan/US Exchange Rate": "6.376"}, {"DATE": "2018-05-16", "Yuan/US Exchange Rate": "6.3706"}, {"DATE": "2018-05-17", "Yuan/US Exchange Rate": "6.3645"}, {"DATE": "2018-05-18", "Yuan/US Exchange Rate": "6.3768"}, {"DATE": "2018-05-21", "Yuan/US Exchange Rate": "6.3815"}, {"DATE": "2018-05-22", "Yuan/US Exchange Rate": "6.366"}, {"DATE": "2018-05-23", "Yuan/US Exchange Rate": "6.3875"}, {"DATE": "2018-05-24", "Yuan/US Exchange Rate": "6.3757"}, {"DATE": "2018-05-25", "Yuan/US Exchange Rate": "6.3903"}]