[{"DATE": "DATE", "Yen/US Exchange Rate": "Yen/US Exchange Rate"}, {"DATE": "2017-01-20", "Yen/US Exchange Rate": "."}, {"DATE": "2017-01-23", "Yen/US Exchange Rate": "112.9000"}, {"DATE": "2017-01-24", "Yen/US Exchange Rate": "113.6300"}, {"DATE": "2017-01-25", "Yen/US Exchange Rate": "113.6000"}, {"DATE": "2017-01-26", "Yen/US Exchange Rate": "114.7000"}, {"DATE": "2017-01-27", "Yen/US Exchange Rate": "115.1600"}, {"DATE": "2017-01-30", "Yen/US Exchange Rate": "113.8600"}, {"DATE": "2017-01-31", "Yen/US Exchange Rate": "112.7200"}, {"DATE": "2017-02-01", "Yen/US Exchange Rate": "113.2900"}, {"DATE": "2017-02-02", "Yen/US Exchange Rate": "112.4800"}, {"DATE": "2017-02-03", "Yen/US Exchange Rate": "112.4200"}, {"DATE": "2017-02-06", "Yen/US Exchange Rate": "112.3200"}, {"DATE": "2017-02-07", "Yen/US Exchange Rate": "112.1400"}, {"DATE": "2017-02-08", "Yen/US Exchange Rate": "111.7400"}, {"DATE": "2017-02-09", "Yen/US Exchange Rate": "113.2400"}, {"DATE": "2017-02-10", "Yen/US Exchange Rate": "113.2200"}, {"DATE": "2017-02-13", "Yen/US Exchange Rate": "113.7900"}, {"DATE": "2017-02-14", "Yen/US Exchange Rate": "114.3400"}, {"DATE": "2017-02-15", "Yen/US Exchange Rate": "114.1700"}, {"DATE": "2017-02-16", "Yen/US Exchange Rate": "113.3600"}, {"DATE": "2017-02-17", "Yen/US Exchange Rate": "112.8600"}, {"DATE": "2017-02-20", "Yen/US Exchange Rate": "."}, {"DATE": "2017-02-21", "Yen/US Exchange Rate": "113.4800"}, {"DATE": "2017-02-22", "Yen/US Exchange Rate": "113.4600"}, {"DATE": "2017-02-23", "Yen/US Exchange Rate": "112.6800"}, {"DATE": "2017-02-24", "Yen/US Exchange Rate": "112.2600"}, {"DATE": "2017-02-27", "Yen/US Exchange Rate": "112.0100"}, {"DATE": "2017-02-28", "Yen/US Exchange Rate": "112.0600"}, {"DATE": "2017-03-01", "Yen/US Exchange Rate": "113.6600"}, {"DATE": "2017-03-02", "Yen/US Exchange Rate": "114.4500"}, {"DATE": "2017-03-03", "Yen/US Exchange Rate": "114.6000"}, {"DATE": "2017-03-06", "Yen/US Exchange Rate": "113.9200"}, {"DATE": "2017-03-07", "Yen/US Exchange Rate": "113.9900"}, {"DATE": "2017-03-08", "Yen/US Exchange Rate": "114.5800"}, {"DATE": "2017-03-09", "Yen/US Exchange Rate": "114.7100"}, {"DATE": "2017-03-10", "Yen/US Exchange Rate": "115.0200"}, {"DATE": "2017-03-13", "Yen/US Exchange Rate": "114.6100"}, {"DATE": "2017-03-14", "Yen/US Exchange Rate": "114.6300"}, {"DATE": "2017-03-15", "Yen/US Exchange Rate": "114.6600"}, {"DATE": "2017-03-16", "Yen/US Exchange Rate": "113.0200"}, {"DATE": "2017-03-17", "Yen/US Exchange Rate": "112.6700"}, {"DATE": "2017-03-20", "Yen/US Exchange Rate": "112.5900"}, {"DATE": "2017-03-21", "Yen/US Exchange Rate": "111.9000"}, {"DATE": "2017-03-22", "Yen/US Exchange Rate": "111.0600"}, {"DATE": "2017-03-23", "Yen/US Exchange Rate": "111.1200"}, {"DATE": "2017-03-24", "Yen/US Exchange Rate": "111.0300"}, {"DATE": "2017-03-27", "Yen/US Exchange Rate": "110.4800"}, {"DATE": "2017-03-28", "Yen/US Exchange Rate": "110.5600"}, {"DATE": "2017-03-29", "Yen/US Exchange Rate": "111.0500"}, {"DATE": "2017-03-30", "Yen/US Exchange Rate": "111.3600"}, {"DATE": "2017-03-31", "Yen/US Exchange Rate": "111.4100"}, {"DATE": "2017-04-03", "Yen/US Exchange Rate": "110.9600"}, {"DATE": "2017-04-04", "Yen/US Exchange Rate": "110.7400"}, {"DATE": "2017-04-05", "Yen/US Exchange Rate": "111.2000"}, {"DATE": "2017-04-06", "Yen/US Exchange Rate": "111.0200"}, {"DATE": "2017-04-07", "Yen/US Exchange Rate": "110.7600"}, {"DATE": "2017-04-10", "Yen/US Exchange Rate": "110.9500"}, {"DATE": "2017-04-11", "Yen/US Exchange Rate": "109.7400"}, {"DATE": "2017-04-12", "Yen/US Exchange Rate": "109.5400"}, {"DATE": "2017-04-13", "Yen/US Exchange Rate": "109.2300"}, {"DATE": "2017-04-14", "Yen/US Exchange Rate": "108.6300"}, {"DATE": "2017-04-17", "Yen/US Exchange Rate": "108.4600"}, {"DATE": "2017-04-18", "Yen/US Exchange Rate": "108.4000"}, {"DATE": "2017-04-19", "Yen/US Exchange Rate": "109.0600"}, {"DATE": "2017-04-20", "Yen/US Exchange Rate": "109.3400"}, {"DATE": "2017-04-21", "Yen/US Exchange Rate": "109.0800"}, {"DATE": "2017-04-24", "Yen/US Exchange Rate": "109.7400"}, {"DATE": "2017-04-25", "Yen/US Exchange Rate": "110.8800"}, {"DATE": "2017-04-26", "Yen/US Exchange Rate": "111.5200"}, {"DATE": "2017-04-27", "Yen/US Exchange Rate": "111.1300"}, {"DATE": "2017-04-28", "Yen/US Exchange Rate": "111.4400"}, {"DATE": "2017-05-01", "Yen/US Exchange Rate": "111.7800"}, {"DATE": "2017-05-02", "Yen/US Exchange Rate": "112.0600"}, {"DATE": "2017-05-03", "Yen/US Exchange Rate": "112.3400"}, {"DATE": "2017-05-04", "Yen/US Exchange Rate": "112.7000"}, {"DATE": "2017-05-05", "Yen/US Exchange Rate": "112.6300"}, {"DATE": "2017-05-08", "Yen/US Exchange Rate": "112.8400"}, {"DATE": "2017-05-09", "Yen/US Exchange Rate": "114.1900"}, {"DATE": "2017-05-10", "Yen/US Exchange Rate": "114.0200"}, {"DATE": "2017-05-11", "Yen/US Exchange Rate": "113.7700"}, {"DATE": "2017-05-12", "Yen/US Exchange Rate": "113.3000"}, {"DATE": "2017-05-15", "Yen/US Exchange Rate": "113.5400"}, {"DATE": "2017-05-16", "Yen/US Exchange Rate": "113.2400"}, {"DATE": "2017-05-17", "Yen/US Exchange Rate": "111.4600"}, {"DATE": "2017-05-18", "Yen/US Exchange Rate": "110.8200"}, {"DATE": "2017-05-19", "Yen/US Exchange Rate": "111.4700"}, {"DATE": "2017-05-22", "Yen/US Exchange Rate": "111.1500"}, {"DATE": "2017-05-23", "Yen/US Exchange Rate": "111.6400"}, {"DATE": "2017-05-24", "Yen/US Exchange Rate": "112.0200"}, {"DATE": "2017-05-25", "Yen/US Exchange Rate": "111.7000"}, {"DATE": "2017-05-26", "Yen/US Exchange Rate": "111.3000"}, {"DATE": "2017-05-29", "Yen/US Exchange Rate": "."}, {"DATE": "2017-05-30", "Yen/US Exchange Rate": "110.6800"}, {"DATE": "2017-05-31", "Yen/US Exchange Rate": "110.7100"}, {"DATE": "2017-06-01", "Yen/US Exchange Rate": "111.2400"}, {"DATE": "2017-06-02", "Yen/US Exchange Rate": "110.4900"}, {"DATE": "2017-06-05", "Yen/US Exchange Rate": "110.4900"}, {"DATE": "2017-06-06", "Yen/US Exchange Rate": "109.3400"}, {"DATE": "2017-06-07", "Yen/US Exchange Rate": "109.5400"}, {"DATE": "2017-06-08", "Yen/US Exchange Rate": "110.1000"}, {"DATE": "2017-06-09", "Yen/US Exchange Rate": "110.6100"}, {"DATE": "2017-06-12", "Yen/US Exchange Rate": "109.7200"}, {"DATE": "2017-06-13", "Yen/US Exchange Rate": "110.1200"}, {"DATE": "2017-06-14", "Yen/US Exchange Rate": "109.1600"}, {"DATE": "2017-06-15", "Yen/US Exchange Rate": "110.6600"}, {"DATE": "2017-06-16", "Yen/US Exchange Rate": "110.8400"}, {"DATE": "2017-06-19", "Yen/US Exchange Rate": "111.3400"}, {"DATE": "2017-06-20", "Yen/US Exchange Rate": "111.4600"}, {"DATE": "2017-06-21", "Yen/US Exchange Rate": "111.5800"}, {"DATE": "2017-06-22", "Yen/US Exchange Rate": "111.3600"}, {"DATE": "2017-06-23", "Yen/US Exchange Rate": "111.2600"}, {"DATE": "2017-06-26", "Yen/US Exchange Rate": "111.4800"}, {"DATE": "2017-06-27", "Yen/US Exchange Rate": "112.4200"}, {"DATE": "2017-06-28", "Yen/US Exchange Rate": "112.1800"}, {"DATE": "2017-06-29", "Yen/US Exchange Rate": "112.3200"}, {"DATE": "2017-06-30", "Yen/US Exchange Rate": "112.4000"}, {"DATE": "2017-07-03", "Yen/US Exchange Rate": "113.3200"}, {"DATE": "2017-07-04", "Yen/US Exchange Rate": "."}, {"DATE": "2017-07-05", "Yen/US Exchange Rate": "113.2000"}, {"DATE": "2017-07-06", "Yen/US Exchange Rate": "113.2800"}, {"DATE": "2017-07-07", "Yen/US Exchange Rate": "114.1000"}, {"DATE": "2017-07-10", "Yen/US Exchange Rate": "114.0800"}, {"DATE": "2017-07-11", "Yen/US Exchange Rate": "114.2000"}, {"DATE": "2017-07-12", "Yen/US Exchange Rate": "113.1900"}, {"DATE": "2017-07-13", "Yen/US Exchange Rate": "113.3900"}, {"DATE": "2017-07-14", "Yen/US Exchange Rate": "112.6600"}, {"DATE": "2017-07-17", "Yen/US Exchange Rate": "112.7600"}, {"DATE": "2017-07-18", "Yen/US Exchange Rate": "111.8900"}, {"DATE": "2017-07-19", "Yen/US Exchange Rate": "111.7700"}, {"DATE": "2017-07-20", "Yen/US Exchange Rate": "111.6800"}, {"DATE": "2017-07-21", "Yen/US Exchange Rate": "111.1800"}, {"DATE": "2017-07-24", "Yen/US Exchange Rate": "111.1000"}, {"DATE": "2017-07-25", "Yen/US Exchange Rate": "111.5700"}, {"DATE": "2017-07-26", "Yen/US Exchange Rate": "112.1000"}, {"DATE": "2017-07-27", "Yen/US Exchange Rate": "111.6200"}, {"DATE": "2017-07-28", "Yen/US Exchange Rate": "110.8700"}, {"DATE": "2017-07-31", "Yen/US Exchange Rate": "110.3800"}, {"DATE": "2017-08-01", "Yen/US Exchange Rate": "110.3300"}, {"DATE": "2017-08-02", "Yen/US Exchange Rate": "110.4300"}, {"DATE": "2017-08-03", "Yen/US Exchange Rate": "110.1200"}, {"DATE": "2017-08-04", "Yen/US Exchange Rate": "110.7600"}, {"DATE": "2017-08-07", "Yen/US Exchange Rate": "110.7600"}, {"DATE": "2017-08-08", "Yen/US Exchange Rate": "110.7400"}, {"DATE": "2017-08-09", "Yen/US Exchange Rate": "110.0400"}, {"DATE": "2017-08-10", "Yen/US Exchange Rate": "109.3700"}, {"DATE": "2017-08-11", "Yen/US Exchange Rate": "109.0600"}, {"DATE": "2017-08-14", "Yen/US Exchange Rate": "109.4800"}, {"DATE": "2017-08-15", "Yen/US Exchange Rate": "110.4200"}, {"DATE": "2017-08-16", "Yen/US Exchange Rate": "110.8000"}, {"DATE": "2017-08-17", "Yen/US Exchange Rate": "109.8800"}, {"DATE": "2017-08-18", "Yen/US Exchange Rate": "109.3200"}, {"DATE": "2017-08-21", "Yen/US Exchange Rate": "108.8900"}, {"DATE": "2017-08-22", "Yen/US Exchange Rate": "109.4000"}, {"DATE": "2017-08-23", "Yen/US Exchange Rate": "109.1400"}, {"DATE": "2017-08-24", "Yen/US Exchange Rate": "109.3400"}, {"DATE": "2017-08-25", "Yen/US Exchange Rate": "109.2400"}, {"DATE": "2017-08-28", "Yen/US Exchange Rate": "109.2200"}, {"DATE": "2017-08-29", "Yen/US Exchange Rate": "109.0200"}, {"DATE": "2017-08-30", "Yen/US Exchange Rate": "110.2000"}, {"DATE": "2017-08-31", "Yen/US Exchange Rate": "110.0600"}, {"DATE": "2017-09-01", "Yen/US Exchange Rate": "110.0900"}, {"DATE": "2017-09-04", "Yen/US Exchange Rate": "."}, {"DATE": "2017-09-05", "Yen/US Exchange Rate": "108.9400"}, {"DATE": "2017-09-06", "Yen/US Exchange Rate": "108.7500"}, {"DATE": "2017-09-07", "Yen/US Exchange Rate": "108.2600"}, {"DATE": "2017-09-08", "Yen/US Exchange Rate": "107.7200"}, {"DATE": "2017-09-11", "Yen/US Exchange Rate": "109.0300"}, {"DATE": "2017-09-12", "Yen/US Exchange Rate": "110.0100"}, {"DATE": "2017-09-13", "Yen/US Exchange Rate": "110.5800"}, {"DATE": "2017-09-14", "Yen/US Exchange Rate": "110.6600"}, {"DATE": "2017-09-15", "Yen/US Exchange Rate": "110.8400"}, {"DATE": "2017-09-18", "Yen/US Exchange Rate": "111.4800"}, {"DATE": "2017-09-19", "Yen/US Exchange Rate": "111.4900"}, {"DATE": "2017-09-20", "Yen/US Exchange Rate": "111.5000"}, {"DATE": "2017-09-21", "Yen/US Exchange Rate": "112.3000"}, {"DATE": "2017-09-22", "Yen/US Exchange Rate": "112.0100"}, {"DATE": "2017-09-25", "Yen/US Exchange Rate": "111.6400"}, {"DATE": "2017-09-26", "Yen/US Exchange Rate": "112.1600"}, {"DATE": "2017-09-27", "Yen/US Exchange Rate": "112.7600"}, {"DATE": "2017-09-28", "Yen/US Exchange Rate": "112.6600"}, {"DATE": "2017-09-29", "Yen/US Exchange Rate": "112.6400"}, {"DATE": "2017-10-02", "Yen/US Exchange Rate": "112.6000"}, {"DATE": "2017-10-03", "Yen/US Exchange Rate": "112.8000"}, {"DATE": "2017-10-04", "Yen/US Exchange Rate": "112.8400"}, {"DATE": "2017-10-05", "Yen/US Exchange Rate": "112.7400"}, {"DATE": "2017-10-06", "Yen/US Exchange Rate": "112.6800"}, {"DATE": "2017-10-09", "Yen/US Exchange Rate": "."}, {"DATE": "2017-10-10", "Yen/US Exchange Rate": "112.1500"}, {"DATE": "2017-10-11", "Yen/US Exchange Rate": "112.3500"}, {"DATE": "2017-10-12", "Yen/US Exchange Rate": "112.3800"}, {"DATE": "2017-10-13", "Yen/US Exchange Rate": "111.9400"}, {"DATE": "2017-10-16", "Yen/US Exchange Rate": "111.7200"}, {"DATE": "2017-10-17", "Yen/US Exchange Rate": "112.3200"}, {"DATE": "2017-10-18", "Yen/US Exchange Rate": "112.9400"}, {"DATE": "2017-10-19", "Yen/US Exchange Rate": "112.5400"}, {"DATE": "2017-10-20", "Yen/US Exchange Rate": "113.5000"}, {"DATE": "2017-10-23", "Yen/US Exchange Rate": "113.6600"}, {"DATE": "2017-10-24", "Yen/US Exchange Rate": "113.9200"}, {"DATE": "2017-10-25", "Yen/US Exchange Rate": "113.7000"}, {"DATE": "2017-10-26", "Yen/US Exchange Rate": "113.7200"}, {"DATE": "2017-10-27", "Yen/US Exchange Rate": "113.8200"}, {"DATE": "2017-10-30", "Yen/US Exchange Rate": "113.2600"}, {"DATE": "2017-10-31", "Yen/US Exchange Rate": "113.6300"}, {"DATE": "2017-11-01", "Yen/US Exchange Rate": "114.0400"}, {"DATE": "2017-11-02", "Yen/US Exchange Rate": "113.8400"}, {"DATE": "2017-11-03", "Yen/US Exchange Rate": "114.2500"}, {"DATE": "2017-11-06", "Yen/US Exchange Rate": "113.9000"}, {"DATE": "2017-11-07", "Yen/US Exchange Rate": "113.9000"}, {"DATE": "2017-11-08", "Yen/US Exchange Rate": "113.6200"}, {"DATE": "2017-11-09", "Yen/US Exchange Rate": "113.4000"}, {"DATE": "2017-11-10", "Yen/US Exchange Rate": "."}, {"DATE": "2017-11-13", "Yen/US Exchange Rate": "113.6200"}, {"DATE": "2017-11-14", "Yen/US Exchange Rate": "113.5000"}, {"DATE": "2017-11-15", "Yen/US Exchange Rate": "113.1500"}, {"DATE": "2017-11-16", "Yen/US Exchange Rate": "112.8900"}, {"DATE": "2017-11-17", "Yen/US Exchange Rate": "111.9800"}, {"DATE": "2017-11-20", "Yen/US Exchange Rate": "112.4900"}, {"DATE": "2017-11-21", "Yen/US Exchange Rate": "112.4600"}, {"DATE": "2017-11-22", "Yen/US Exchange Rate": "111.6200"}, {"DATE": "2017-11-23", "Yen/US Exchange Rate": "."}, {"DATE": "2017-11-24", "Yen/US Exchange Rate": "111.5400"}, {"DATE": "2017-11-27", "Yen/US Exchange Rate": "111.0000"}, {"DATE": "2017-11-28", "Yen/US Exchange Rate": "111.1300"}, {"DATE": "2017-11-29", "Yen/US Exchange Rate": "111.7500"}, {"DATE": "2017-11-30", "Yen/US Exchange Rate": "112.3000"}, {"DATE": "2017-12-01", "Yen/US Exchange Rate": "111.8800"}, {"DATE": "2017-12-04", "Yen/US Exchange Rate": "112.8000"}, {"DATE": "2017-12-05", "Yen/US Exchange Rate": "112.7600"}, {"DATE": "2017-12-06", "Yen/US Exchange Rate": "112.3200"}, {"DATE": "2017-12-07", "Yen/US Exchange Rate": "112.7000"}, {"DATE": "2017-12-08", "Yen/US Exchange Rate": "113.5500"}, {"DATE": "2017-12-11", "Yen/US Exchange Rate": "113.3400"}, {"DATE": "2017-12-12", "Yen/US Exchange Rate": "113.6200"}, {"DATE": "2017-12-13", "Yen/US Exchange Rate": "113.1900"}, {"DATE": "2017-12-14", "Yen/US Exchange Rate": "112.5600"}, {"DATE": "2017-12-15", "Yen/US Exchange Rate": "112.6800"}, {"DATE": "2017-12-18", "Yen/US Exchange Rate": "112.4000"}, {"DATE": "2017-12-19", "Yen/US Exchange Rate": "112.9800"}, {"DATE": "2017-12-20", "Yen/US Exchange Rate": "113.2900"}, {"DATE": "2017-12-21", "Yen/US Exchange Rate": "113.4200"}, {"DATE": "2017-12-22", "Yen/US Exchange Rate": "113.3000"}, {"DATE": "2017-12-25", "Yen/US Exchange Rate": "."}, {"DATE": "2017-12-26", "Yen/US Exchange Rate": "113.2000"}, {"DATE": "2017-12-27", "Yen/US Exchange Rate": "113.2800"}, {"DATE": "2017-12-28", "Yen/US Exchange Rate": "112.8500"}, {"DATE": "2017-12-29", "Yen/US Exchange Rate": "112.6900"}, {"DATE": "2018-01-01", "Yen/US Exchange Rate": "."}, {"DATE": "2018-01-02", "Yen/US Exchange Rate": "112.1800"}, {"DATE": "2018-01-03", "Yen/US Exchange Rate": "112.2800"}, {"DATE": "2018-01-04", "Yen/US Exchange Rate": "112.7800"}, {"DATE": "2018-01-05", "Yen/US Exchange Rate": "113.1800"}, {"DATE": "2018-01-08", "Yen/US Exchange Rate": "113.0800"}, {"DATE": "2018-01-09", "Yen/US Exchange Rate": "112.5700"}, {"DATE": "2018-01-10", "Yen/US Exchange Rate": "111.4800"}, {"DATE": "2018-01-11", "Yen/US Exchange Rate": "111.3500"}, {"DATE": "2018-01-12", "Yen/US Exchange Rate": "111.2300"}, {"DATE": "2018-01-15", "Yen/US Exchange Rate": "."}, {"DATE": "2018-01-16", "Yen/US Exchange Rate": "110.7400"}, {"DATE": "2018-01-17", "Yen/US Exchange Rate": "110.8100"}, {"DATE": "2018-01-18", "Yen/US Exchange Rate": "110.8800"}, {"DATE": "2018-01-19", "Yen/US Exchange Rate": "110.5600"}, {"DATE": "2018-01-22", "Yen/US Exchange Rate": "111.1500"}, {"DATE": "2018-01-23", "Yen/US Exchange Rate": "110.4600"}, {"DATE": "2018-01-24", "Yen/US Exchange Rate": "109.1500"}, {"DATE": "2018-01-25", "Yen/US Exchange Rate": "108.7000"}, {"DATE": "2018-01-26", "Yen/US Exchange Rate": "108.3800"}, {"DATE": "2018-01-29", "Yen/US Exchange Rate": "109.1200"}, {"DATE": "2018-01-30", "Yen/US Exchange Rate": "108.9000"}, {"DATE": "2018-01-31", "Yen/US Exchange Rate": "109.3100"}, {"DATE": "2018-02-01", "Yen/US Exchange Rate": "109.5000"}, {"DATE": "2018-02-02", "Yen/US Exchange Rate": "110.4000"}, {"DATE": "2018-02-05", "Yen/US Exchange Rate": "110.0900"}, {"DATE": "2018-02-06", "Yen/US Exchange Rate": "109.1800"}, {"DATE": "2018-02-07", "Yen/US Exchange Rate": "109.5300"}, {"DATE": "2018-02-08", "Yen/US Exchange Rate": "109.0000"}, {"DATE": "2018-02-09", "Yen/US Exchange Rate": "108.4400"}, {"DATE": "2018-02-12", "Yen/US Exchange Rate": "108.7200"}, {"DATE": "2018-02-13", "Yen/US Exchange Rate": "107.5900"}, {"DATE": "2018-02-14", "Yen/US Exchange Rate": "107.0000"}, {"DATE": "2018-02-15", "Yen/US Exchange Rate": "106.3600"}, {"DATE": "2018-02-16", "Yen/US Exchange Rate": "106.1000"}, {"DATE": "2018-02-19", "Yen/US Exchange Rate": "."}, {"DATE": "2018-02-20", "Yen/US Exchange Rate": "107.2300"}, {"DATE": "2018-02-21", "Yen/US Exchange Rate": "107.6400"}, {"DATE": "2018-02-22", "Yen/US Exchange Rate": "106.9600"}, {"DATE": "2018-02-23", "Yen/US Exchange Rate": "106.6400"}, {"DATE": "2018-02-26", "Yen/US Exchange Rate": "106.96"}, {"DATE": "2018-02-27", "Yen/US Exchange Rate": "107.47"}, {"DATE": "2018-02-28", "Yen/US Exchange Rate": "106.62"}, {"DATE": "2018-03-01", "Yen/US Exchange Rate": "106.91"}, {"DATE": "2018-03-02", "Yen/US Exchange Rate": "105.65"}, {"DATE": "2018-03-05", "Yen/US Exchange Rate": "105.97"}, {"DATE": "2018-03-06", "Yen/US Exchange Rate": "106.03"}, {"DATE": "2018-03-07", "Yen/US Exchange Rate": "105.94"}, {"DATE": "2018-03-08", "Yen/US Exchange Rate": "106.08"}, {"DATE": "2018-03-09", "Yen/US Exchange Rate": "106.74"}, {"DATE": "2018-03-12", "Yen/US Exchange Rate": "106.52"}, {"DATE": "2018-03-13", "Yen/US Exchange Rate": "106.64"}, {"DATE": "2018-03-14", "Yen/US Exchange Rate": "106.17"}, {"DATE": "2018-03-15", "Yen/US Exchange Rate": "106.07"}, {"DATE": "2018-03-16", "Yen/US Exchange Rate": "106.1"}, {"DATE": "2018-03-19", "Yen/US Exchange Rate": "105.83"}, {"DATE": "2018-03-20", "Yen/US Exchange Rate": "106.42"}, {"DATE": "2018-03-21", "Yen/US Exchange Rate": "106.3"}, {"DATE": "2018-03-22", "Yen/US Exchange Rate": "105.34"}, {"DATE": "2018-03-23", "Yen/US Exchange Rate": "104.83"}, {"DATE": "2018-03-26", "Yen/US Exchange Rate": "105.0"}, {"DATE": "2018-03-27", "Yen/US Exchange Rate": "105.72"}, {"DATE": "2018-03-28", "Yen/US Exchange Rate": "106.3"}, {"DATE": "2018-03-29", "Yen/US Exchange Rate": "106.27"}, {"DATE": "2018-03-30", "Yen/US Exchange Rate": "106.2"}, {"DATE": "2018-04-02", "Yen/US Exchange Rate": "105.99"}, {"DATE": "2018-04-03", "Yen/US Exchange Rate": "106.45"}, {"DATE": "2018-04-04", "Yen/US Exchange Rate": "106.56"}, {"DATE": "2018-04-05", "Yen/US Exchange Rate": "107.48"}, {"DATE": "2018-04-06", "Yen/US Exchange Rate": "107.03"}, {"DATE": "2018-04-09", "Yen/US Exchange Rate": "107.06"}, {"DATE": "2018-04-10", "Yen/US Exchange Rate": "107.3"}, {"DATE": "2018-04-11", "Yen/US Exchange Rate": "106.78"}, {"DATE": "2018-04-12", "Yen/US Exchange Rate": "107.3"}, {"DATE": "2018-04-13", "Yen/US Exchange Rate": "107.52"}, {"DATE": "2018-04-16", "Yen/US Exchange Rate": "107.26"}, {"DATE": "2018-04-17", "Yen/US Exchange Rate": "107.09"}, {"DATE": "2018-04-18", "Yen/US Exchange Rate": "107.26"}, {"DATE": "2018-04-19", "Yen/US Exchange Rate": "107.42"}, {"DATE": "2018-04-20", "Yen/US Exchange Rate": "107.6"}, {"DATE": "2018-04-23", "Yen/US Exchange Rate": "108.62"}, {"DATE": "2018-04-24", "Yen/US Exchange Rate": "109.03"}, {"DATE": "2018-04-25", "Yen/US Exchange Rate": "109.33"}, {"DATE": "2018-04-26", "Yen/US Exchange Rate": "109.3"}, {"DATE": "2018-04-27", "Yen/US Exchange Rate": "109.12"}, {"DATE": "2018-04-30", "Yen/US Exchange Rate": "109.28"}, {"DATE": "2018-05-01", "Yen/US Exchange Rate": "109.69"}, {"DATE": "2018-05-02", "Yen/US Exchange Rate": "109.89"}, {"DATE": "2018-05-03", "Yen/US Exchange Rate": "109.06"}, {"DATE": "2018-05-04", "Yen/US Exchange Rate": "109.16"}, {"DATE": "2018-05-07", "Yen/US Exchange Rate": "109.14"}, {"DATE": "2018-05-08", "Yen/US Exchange Rate": "109.16"}, {"DATE": "2018-05-09", "Yen/US Exchange Rate": "109.68"}, {"DATE": "2018-05-10", "Yen/US Exchange Rate": "109.53"}, {"DATE": "2018-05-11", "Yen/US Exchange Rate": "109.26"}, {"DATE": "2018-05-14", "Yen/US Exchange Rate": "109.52"}, {"DATE": "2018-05-15", "Yen/US Exchange Rate": "110.25"}, {"DATE": "2018-05-16", "Yen/US Exchange Rate": "110.22"}, {"DATE": "2018-05-17", "Yen/US Exchange Rate": "110.76"}, {"DATE": "2018-05-18", "Yen/US Exchange Rate": "110.71"}, {"DATE": "2018-05-21", "Yen/US Exchange Rate": "111.08"}, {"DATE": "2018-05-22", "Yen/US Exchange Rate": "110.94"}, {"DATE": "2018-05-23", "Yen/US Exchange Rate": "110.05"}, {"DATE": "2018-05-24", "Yen/US Exchange Rate": "109.3"}, {"DATE": "2018-05-25", "Yen/US Exchange Rate": "109.35"}]