[{"DATE": "DATE", "US/Euro Exchange Rate": "DEXUSEU"}, {"DATE": "2013-05-20", "US/Euro Exchange Rate": "1.2865"}, {"DATE": "2013-05-21", "US/Euro Exchange Rate": "1.2910"}, {"DATE": "2013-05-22", "US/Euro Exchange Rate": "1.2864"}, {"DATE": "2013-05-23", "US/Euro Exchange Rate": "1.2944"}, {"DATE": "2013-05-24", "US/Euro Exchange Rate": "1.2920"}, {"DATE": "2013-05-27", "US/Euro Exchange Rate": "."}, {"DATE": "2013-05-28", "US/Euro Exchange Rate": "1.2870"}, {"DATE": "2013-05-29", "US/Euro Exchange Rate": "1.2944"}, {"DATE": "2013-05-30", "US/Euro Exchange Rate": "1.3042"}, {"DATE": "2013-05-31", "US/Euro Exchange Rate": "1.2988"}, {"DATE": "2013-06-03", "US/Euro Exchange Rate": "1.3098"}, {"DATE": "2013-06-04", "US/Euro Exchange Rate": "1.3075"}, {"DATE": "2013-06-05", "US/Euro Exchange Rate": "1.3088"}, {"DATE": "2013-06-06", "US/Euro Exchange Rate": "1.3248"}, {"DATE": "2013-06-07", "US/Euro Exchange Rate": "1.3242"}, {"DATE": "2013-06-10", "US/Euro Exchange Rate": "1.3234"}, {"DATE": "2013-06-11", "US/Euro Exchange Rate": "1.3278"}, {"DATE": "2013-06-12", "US/Euro Exchange Rate": "1.3354"}, {"DATE": "2013-06-13", "US/Euro Exchange Rate": "1.3314"}, {"DATE": "2013-06-14", "US/Euro Exchange Rate": "1.3330"}, {"DATE": "2013-06-17", "US/Euro Exchange Rate": "1.3341"}, {"DATE": "2013-06-18", "US/Euro Exchange Rate": "1.3407"}, {"DATE": "2013-06-19", "US/Euro Exchange Rate": "1.3404"}, {"DATE": "2013-06-20", "US/Euro Exchange Rate": "1.3214"}, {"DATE": "2013-06-21", "US/Euro Exchange Rate": "1.3113"}, {"DATE": "2013-06-24", "US/Euro Exchange Rate": "1.3091"}, {"DATE": "2013-06-25", "US/Euro Exchange Rate": "1.3080"}, {"DATE": "2013-06-26", "US/Euro Exchange Rate": "1.3006"}, {"DATE": "2013-06-27", "US/Euro Exchange Rate": "1.3016"}, {"DATE": "2013-06-28", "US/Euro Exchange Rate": "1.3010"}, {"DATE": "2013-07-01", "US/Euro Exchange Rate": "1.3060"}, {"DATE": "2013-07-02", "US/Euro Exchange Rate": "1.3017"}, {"DATE": "2013-07-03", "US/Euro Exchange Rate": "1.3005"}, {"DATE": "2013-07-04", "US/Euro Exchange Rate": "."}, {"DATE": "2013-07-05", "US/Euro Exchange Rate": "1.2831"}, {"DATE": "2013-07-08", "US/Euro Exchange Rate": "1.2863"}, {"DATE": "2013-07-09", "US/Euro Exchange Rate": "1.2774"}, {"DATE": "2013-07-10", "US/Euro Exchange Rate": "1.2846"}, {"DATE": "2013-07-11", "US/Euro Exchange Rate": "1.3046"}, {"DATE": "2013-07-12", "US/Euro Exchange Rate": "1.3048"}, {"DATE": "2013-07-15", "US/Euro Exchange Rate": "1.3039"}, {"DATE": "2013-07-16", "US/Euro Exchange Rate": "1.3144"}, {"DATE": "2013-07-17", "US/Euro Exchange Rate": "1.3094"}, {"DATE": "2013-07-18", "US/Euro Exchange Rate": "1.3078"}, {"DATE": "2013-07-19", "US/Euro Exchange Rate": "1.3142"}, {"DATE": "2013-07-22", "US/Euro Exchange Rate": "1.3193"}, {"DATE": "2013-07-23", "US/Euro Exchange Rate": "1.3212"}, {"DATE": "2013-07-24", "US/Euro Exchange Rate": "1.3228"}, {"DATE": "2013-07-25", "US/Euro Exchange Rate": "1.3234"}, {"DATE": "2013-07-26", "US/Euro Exchange Rate": "1.3269"}, {"DATE": "2013-07-29", "US/Euro Exchange Rate": "1.3262"}, {"DATE": "2013-07-30", "US/Euro Exchange Rate": "1.3266"}, {"DATE": "2013-07-31", "US/Euro Exchange Rate": "1.3282"}, {"DATE": "2013-08-01", "US/Euro Exchange Rate": "1.3217"}, {"DATE": "2013-08-02", "US/Euro Exchange Rate": "1.3268"}, {"DATE": "2013-08-05", "US/Euro Exchange Rate": "1.3257"}, {"DATE": "2013-08-06", "US/Euro Exchange Rate": "1.3296"}, {"DATE": "2013-08-07", "US/Euro Exchange Rate": "1.3329"}, {"DATE": "2013-08-08", "US/Euro Exchange Rate": "1.3392"}, {"DATE": "2013-08-09", "US/Euro Exchange Rate": "1.3338"}, {"DATE": "2013-08-12", "US/Euro Exchange Rate": "1.3312"}, {"DATE": "2013-08-13", "US/Euro Exchange Rate": "1.3247"}, {"DATE": "2013-08-14", "US/Euro Exchange Rate": "1.3256"}, {"DATE": "2013-08-15", "US/Euro Exchange Rate": "1.3263"}, {"DATE": "2013-08-16", "US/Euro Exchange Rate": "1.3321"}, {"DATE": "2013-08-19", "US/Euro Exchange Rate": "1.3348"}, {"DATE": "2013-08-20", "US/Euro Exchange Rate": "1.3426"}, {"DATE": "2013-08-21", "US/Euro Exchange Rate": "1.3368"}, {"DATE": "2013-08-22", "US/Euro Exchange Rate": "1.3362"}, {"DATE": "2013-08-23", "US/Euro Exchange Rate": "1.3392"}, {"DATE": "2013-08-26", "US/Euro Exchange Rate": "1.3369"}, {"DATE": "2013-08-27", "US/Euro Exchange Rate": "1.3387"}, {"DATE": "2013-08-28", "US/Euro Exchange Rate": "1.3326"}, {"DATE": "2013-08-29", "US/Euro Exchange Rate": "1.3228"}, {"DATE": "2013-08-30", "US/Euro Exchange Rate": "1.3196"}, {"DATE": "2013-09-02", "US/Euro Exchange Rate": "."}, {"DATE": "2013-09-03", "US/Euro Exchange Rate": "1.3164"}, {"DATE": "2013-09-04", "US/Euro Exchange Rate": "1.3212"}, {"DATE": "2013-09-05", "US/Euro Exchange Rate": "1.3120"}, {"DATE": "2013-09-06", "US/Euro Exchange Rate": "1.3166"}, {"DATE": "2013-09-09", "US/Euro Exchange Rate": "1.3260"}, {"DATE": "2013-09-10", "US/Euro Exchange Rate": "1.3260"}, {"DATE": "2013-09-11", "US/Euro Exchange Rate": "1.3301"}, {"DATE": "2013-09-12", "US/Euro Exchange Rate": "1.3315"}, {"DATE": "2013-09-13", "US/Euro Exchange Rate": "1.3276"}, {"DATE": "2013-09-16", "US/Euro Exchange Rate": "1.3350"}, {"DATE": "2013-09-17", "US/Euro Exchange Rate": "1.3357"}, {"DATE": "2013-09-18", "US/Euro Exchange Rate": "1.3351"}, {"DATE": "2013-09-19", "US/Euro Exchange Rate": "1.3527"}, {"DATE": "2013-09-20", "US/Euro Exchange Rate": "1.3522"}, {"DATE": "2013-09-23", "US/Euro Exchange Rate": "1.3520"}, {"DATE": "2013-09-24", "US/Euro Exchange Rate": "1.3490"}, {"DATE": "2013-09-25", "US/Euro Exchange Rate": "1.3536"}, {"DATE": "2013-09-26", "US/Euro Exchange Rate": "1.3484"}, {"DATE": "2013-09-27", "US/Euro Exchange Rate": "1.3537"}, {"DATE": "2013-09-30", "US/Euro Exchange Rate": "1.3535"}, {"DATE": "2013-10-01", "US/Euro Exchange Rate": "1.3534"}, {"DATE": "2013-10-02", "US/Euro Exchange Rate": "1.3592"}, {"DATE": "2013-10-03", "US/Euro Exchange Rate": "1.3642"}, {"DATE": "2013-10-04", "US/Euro Exchange Rate": "1.3582"}, {"DATE": "2013-10-07", "US/Euro Exchange Rate": "1.3569"}, {"DATE": "2013-10-08", "US/Euro Exchange Rate": "1.3582"}, {"DATE": "2013-10-09", "US/Euro Exchange Rate": "1.3513"}, {"DATE": "2013-10-10", "US/Euro Exchange Rate": "1.3535"}, {"DATE": "2013-10-11", "US/Euro Exchange Rate": "1.3559"}, {"DATE": "2013-10-14", "US/Euro Exchange Rate": "."}, {"DATE": "2013-10-15", "US/Euro Exchange Rate": "1.3494"}, {"DATE": "2013-10-16", "US/Euro Exchange Rate": "1.3490"}, {"DATE": "2013-10-17", "US/Euro Exchange Rate": "1.3664"}, {"DATE": "2013-10-18", "US/Euro Exchange Rate": "1.3693"}, {"DATE": "2013-10-21", "US/Euro Exchange Rate": "1.3672"}, {"DATE": "2013-10-22", "US/Euro Exchange Rate": "1.3778"}, {"DATE": "2013-10-23", "US/Euro Exchange Rate": "1.3786"}, {"DATE": "2013-10-24", "US/Euro Exchange Rate": "1.3810"}, {"DATE": "2013-10-25", "US/Euro Exchange Rate": "1.3794"}, {"DATE": "2013-10-28", "US/Euro Exchange Rate": "1.3786"}, {"DATE": "2013-10-29", "US/Euro Exchange Rate": "1.3770"}, {"DATE": "2013-10-30", "US/Euro Exchange Rate": "1.3771"}, {"DATE": "2013-10-31", "US/Euro Exchange Rate": "1.3594"}, {"DATE": "2013-11-01", "US/Euro Exchange Rate": "1.3488"}, {"DATE": "2013-11-04", "US/Euro Exchange Rate": "1.3516"}, {"DATE": "2013-11-05", "US/Euro Exchange Rate": "1.3470"}, {"DATE": "2013-11-06", "US/Euro Exchange Rate": "1.3530"}, {"DATE": "2013-11-07", "US/Euro Exchange Rate": "1.3390"}, {"DATE": "2013-11-08", "US/Euro Exchange Rate": "1.3357"}, {"DATE": "2013-11-11", "US/Euro Exchange Rate": "."}, {"DATE": "2013-11-12", "US/Euro Exchange Rate": "1.3428"}, {"DATE": "2013-11-13", "US/Euro Exchange Rate": "1.3456"}, {"DATE": "2013-11-14", "US/Euro Exchange Rate": "1.3468"}, {"DATE": "2013-11-15", "US/Euro Exchange Rate": "1.3480"}, {"DATE": "2013-11-18", "US/Euro Exchange Rate": "1.3520"}, {"DATE": "2013-11-19", "US/Euro Exchange Rate": "1.3529"}, {"DATE": "2013-11-20", "US/Euro Exchange Rate": "1.3451"}, {"DATE": "2013-11-21", "US/Euro Exchange Rate": "1.3470"}, {"DATE": "2013-11-22", "US/Euro Exchange Rate": "1.3547"}, {"DATE": "2013-11-25", "US/Euro Exchange Rate": "1.3502"}, {"DATE": "2013-11-26", "US/Euro Exchange Rate": "1.3555"}, {"DATE": "2013-11-27", "US/Euro Exchange Rate": "1.3563"}, {"DATE": "2013-11-28", "US/Euro Exchange Rate": "."}, {"DATE": "2013-11-29", "US/Euro Exchange Rate": "1.3606"}, {"DATE": "2013-12-02", "US/Euro Exchange Rate": "1.3552"}, {"DATE": "2013-12-03", "US/Euro Exchange Rate": "1.3604"}, {"DATE": "2013-12-04", "US/Euro Exchange Rate": "1.3555"}, {"DATE": "2013-12-05", "US/Euro Exchange Rate": "1.3664"}, {"DATE": "2013-12-06", "US/Euro Exchange Rate": "1.3690"}, {"DATE": "2013-12-09", "US/Euro Exchange Rate": "1.3726"}, {"DATE": "2013-12-10", "US/Euro Exchange Rate": "1.3765"}, {"DATE": "2013-12-11", "US/Euro Exchange Rate": "1.3798"}, {"DATE": "2013-12-12", "US/Euro Exchange Rate": "1.3752"}, {"DATE": "2013-12-13", "US/Euro Exchange Rate": "1.3724"}, {"DATE": "2013-12-16", "US/Euro Exchange Rate": "1.3757"}, {"DATE": "2013-12-17", "US/Euro Exchange Rate": "1.3748"}, {"DATE": "2013-12-18", "US/Euro Exchange Rate": "1.3766"}, {"DATE": "2013-12-19", "US/Euro Exchange Rate": "1.3666"}, {"DATE": "2013-12-20", "US/Euro Exchange Rate": "1.3673"}, {"DATE": "2013-12-23", "US/Euro Exchange Rate": "1.3701"}, {"DATE": "2013-12-24", "US/Euro Exchange Rate": "1.3676"}, {"DATE": "2013-12-25", "US/Euro Exchange Rate": "."}, {"DATE": "2013-12-26", "US/Euro Exchange Rate": "1.3690"}, {"DATE": "2013-12-27", "US/Euro Exchange Rate": "1.3766"}, {"DATE": "2013-12-30", "US/Euro Exchange Rate": "1.3816"}, {"DATE": "2013-12-31", "US/Euro Exchange Rate": "1.3779"}, {"DATE": "2014-01-01", "US/Euro Exchange Rate": "."}, {"DATE": "2014-01-02", "US/Euro Exchange Rate": "1.3670"}, {"DATE": "2014-01-03", "US/Euro Exchange Rate": "1.3606"}, {"DATE": "2014-01-06", "US/Euro Exchange Rate": "1.3636"}, {"DATE": "2014-01-07", "US/Euro Exchange Rate": "1.3618"}, {"DATE": "2014-01-08", "US/Euro Exchange Rate": "1.3586"}, {"DATE": "2014-01-09", "US/Euro Exchange Rate": "1.3591"}, {"DATE": "2014-01-10", "US/Euro Exchange Rate": "1.3664"}, {"DATE": "2014-01-13", "US/Euro Exchange Rate": "1.3647"}, {"DATE": "2014-01-14", "US/Euro Exchange Rate": "1.3682"}, {"DATE": "2014-01-15", "US/Euro Exchange Rate": "1.3604"}, {"DATE": "2014-01-16", "US/Euro Exchange Rate": "1.3600"}, {"DATE": "2014-01-17", "US/Euro Exchange Rate": "1.3554"}, {"DATE": "2014-01-20", "US/Euro Exchange Rate": "."}, {"DATE": "2014-01-21", "US/Euro Exchange Rate": "1.3560"}, {"DATE": "2014-01-22", "US/Euro Exchange Rate": "1.3546"}, {"DATE": "2014-01-23", "US/Euro Exchange Rate": "1.3680"}, {"DATE": "2014-01-24", "US/Euro Exchange Rate": "1.3680"}, {"DATE": "2014-01-27", "US/Euro Exchange Rate": "1.3679"}, {"DATE": "2014-01-28", "US/Euro Exchange Rate": "1.3662"}, {"DATE": "2014-01-29", "US/Euro Exchange Rate": "1.3663"}, {"DATE": "2014-01-30", "US/Euro Exchange Rate": "1.3549"}, {"DATE": "2014-01-31", "US/Euro Exchange Rate": "1.3500"}, {"DATE": "2014-02-03", "US/Euro Exchange Rate": "1.3523"}, {"DATE": "2014-02-04", "US/Euro Exchange Rate": "1.3507"}, {"DATE": "2014-02-05", "US/Euro Exchange Rate": "1.3519"}, {"DATE": "2014-02-06", "US/Euro Exchange Rate": "1.3604"}, {"DATE": "2014-02-07", "US/Euro Exchange Rate": "1.3614"}, {"DATE": "2014-02-10", "US/Euro Exchange Rate": "1.3644"}, {"DATE": "2014-02-11", "US/Euro Exchange Rate": "1.3654"}, {"DATE": "2014-02-12", "US/Euro Exchange Rate": "1.3592"}, {"DATE": "2014-02-13", "US/Euro Exchange Rate": "1.3669"}, {"DATE": "2014-02-14", "US/Euro Exchange Rate": "1.3690"}, {"DATE": "2014-02-17", "US/Euro Exchange Rate": "."}, {"DATE": "2014-02-18", "US/Euro Exchange Rate": "1.3758"}, {"DATE": "2014-02-19", "US/Euro Exchange Rate": "1.3762"}, {"DATE": "2014-02-20", "US/Euro Exchange Rate": "1.3690"}, {"DATE": "2014-02-21", "US/Euro Exchange Rate": "1.3722"}, {"DATE": "2014-02-24", "US/Euro Exchange Rate": "1.3744"}, {"DATE": "2014-02-25", "US/Euro Exchange Rate": "1.3749"}, {"DATE": "2014-02-26", "US/Euro Exchange Rate": "1.3668"}, {"DATE": "2014-02-27", "US/Euro Exchange Rate": "1.3724"}, {"DATE": "2014-02-28", "US/Euro Exchange Rate": "1.3806"}, {"DATE": "2014-03-03", "US/Euro Exchange Rate": "1.3763"}, {"DATE": "2014-03-04", "US/Euro Exchange Rate": "1.3731"}, {"DATE": "2014-03-05", "US/Euro Exchange Rate": "1.3734"}, {"DATE": "2014-03-06", "US/Euro Exchange Rate": "1.3848"}, {"DATE": "2014-03-07", "US/Euro Exchange Rate": "1.3868"}, {"DATE": "2014-03-10", "US/Euro Exchange Rate": "1.3880"}, {"DATE": "2014-03-11", "US/Euro Exchange Rate": "1.3867"}, {"DATE": "2014-03-12", "US/Euro Exchange Rate": "1.3904"}, {"DATE": "2014-03-13", "US/Euro Exchange Rate": "1.3927"}, {"DATE": "2014-03-14", "US/Euro Exchange Rate": "1.3924"}, {"DATE": "2014-03-17", "US/Euro Exchange Rate": "1.3927"}, {"DATE": "2014-03-18", "US/Euro Exchange Rate": "1.3913"}, {"DATE": "2014-03-19", "US/Euro Exchange Rate": "1.3910"}, {"DATE": "2014-03-20", "US/Euro Exchange Rate": "1.3784"}, {"DATE": "2014-03-21", "US/Euro Exchange Rate": "1.3783"}, {"DATE": "2014-03-24", "US/Euro Exchange Rate": "1.3784"}, {"DATE": "2014-03-25", "US/Euro Exchange Rate": "1.3777"}, {"DATE": "2014-03-26", "US/Euro Exchange Rate": "1.3786"}, {"DATE": "2014-03-27", "US/Euro Exchange Rate": "1.3752"}, {"DATE": "2014-03-28", "US/Euro Exchange Rate": "1.3753"}, {"DATE": "2014-03-31", "US/Euro Exchange Rate": "1.3777"}, {"DATE": "2014-04-01", "US/Euro Exchange Rate": "1.3804"}, {"DATE": "2014-04-02", "US/Euro Exchange Rate": "1.3761"}, {"DATE": "2014-04-03", "US/Euro Exchange Rate": "1.3708"}, {"DATE": "2014-04-04", "US/Euro Exchange Rate": "1.3704"}, {"DATE": "2014-04-07", "US/Euro Exchange Rate": "1.3745"}, {"DATE": "2014-04-08", "US/Euro Exchange Rate": "1.3802"}, {"DATE": "2014-04-09", "US/Euro Exchange Rate": "1.3816"}, {"DATE": "2014-04-10", "US/Euro Exchange Rate": "1.3892"}, {"DATE": "2014-04-11", "US/Euro Exchange Rate": "1.3898"}, {"DATE": "2014-04-14", "US/Euro Exchange Rate": "1.3824"}, {"DATE": "2014-04-15", "US/Euro Exchange Rate": "1.3806"}, {"DATE": "2014-04-16", "US/Euro Exchange Rate": "1.3820"}, {"DATE": "2014-04-17", "US/Euro Exchange Rate": "1.3832"}, {"DATE": "2014-04-18", "US/Euro Exchange Rate": "1.3816"}, {"DATE": "2014-04-21", "US/Euro Exchange Rate": "1.3790"}, {"DATE": "2014-04-22", "US/Euro Exchange Rate": "1.3804"}, {"DATE": "2014-04-23", "US/Euro Exchange Rate": "1.3814"}, {"DATE": "2014-04-24", "US/Euro Exchange Rate": "1.3828"}, {"DATE": "2014-04-25", "US/Euro Exchange Rate": "1.3838"}, {"DATE": "2014-04-28", "US/Euro Exchange Rate": "1.3844"}, {"DATE": "2014-04-29", "US/Euro Exchange Rate": "1.3808"}, {"DATE": "2014-04-30", "US/Euro Exchange Rate": "1.3870"}, {"DATE": "2014-05-01", "US/Euro Exchange Rate": "1.3867"}, {"DATE": "2014-05-02", "US/Euro Exchange Rate": "1.3864"}, {"DATE": "2014-05-05", "US/Euro Exchange Rate": "1.3884"}, {"DATE": "2014-05-06", "US/Euro Exchange Rate": "1.3924"}, {"DATE": "2014-05-07", "US/Euro Exchange Rate": "1.3917"}, {"DATE": "2014-05-08", "US/Euro Exchange Rate": "1.3864"}, {"DATE": "2014-05-09", "US/Euro Exchange Rate": "1.3763"}, {"DATE": "2014-05-12", "US/Euro Exchange Rate": "1.3760"}, {"DATE": "2014-05-13", "US/Euro Exchange Rate": "1.3711"}, {"DATE": "2014-05-14", "US/Euro Exchange Rate": "1.3718"}, {"DATE": "2014-05-15", "US/Euro Exchange Rate": "1.3712"}, {"DATE": "2014-05-16", "US/Euro Exchange Rate": "1.3708"}, {"DATE": "2014-05-19", "US/Euro Exchange Rate": "1.3716"}, {"DATE": "2014-05-20", "US/Euro Exchange Rate": "1.3702"}, {"DATE": "2014-05-21", "US/Euro Exchange Rate": "1.3657"}, {"DATE": "2014-05-22", "US/Euro Exchange Rate": "1.3652"}, {"DATE": "2014-05-23", "US/Euro Exchange Rate": "1.3628"}, {"DATE": "2014-05-26", "US/Euro Exchange Rate": "."}, {"DATE": "2014-05-27", "US/Euro Exchange Rate": "1.3618"}, {"DATE": "2014-05-28", "US/Euro Exchange Rate": "1.3596"}, {"DATE": "2014-05-29", "US/Euro Exchange Rate": "1.3608"}, {"DATE": "2014-05-30", "US/Euro Exchange Rate": "1.3640"}, {"DATE": "2014-06-02", "US/Euro Exchange Rate": "1.3606"}, {"DATE": "2014-06-03", "US/Euro Exchange Rate": "1.3624"}, {"DATE": "2014-06-04", "US/Euro Exchange Rate": "1.3619"}, {"DATE": "2014-06-05", "US/Euro Exchange Rate": "1.3618"}, {"DATE": "2014-06-06", "US/Euro Exchange Rate": "1.3639"}, {"DATE": "2014-06-09", "US/Euro Exchange Rate": "1.3589"}, {"DATE": "2014-06-10", "US/Euro Exchange Rate": "1.3543"}, {"DATE": "2014-06-11", "US/Euro Exchange Rate": "1.3532"}, {"DATE": "2014-06-12", "US/Euro Exchange Rate": "1.3556"}, {"DATE": "2014-06-13", "US/Euro Exchange Rate": "1.3522"}, {"DATE": "2014-06-16", "US/Euro Exchange Rate": "1.3578"}, {"DATE": "2014-06-17", "US/Euro Exchange Rate": "1.3543"}, {"DATE": "2014-06-18", "US/Euro Exchange Rate": "1.3567"}, {"DATE": "2014-06-19", "US/Euro Exchange Rate": "1.3620"}, {"DATE": "2014-06-20", "US/Euro Exchange Rate": "1.3586"}, {"DATE": "2014-06-23", "US/Euro Exchange Rate": "1.3593"}, {"DATE": "2014-06-24", "US/Euro Exchange Rate": "1.3588"}, {"DATE": "2014-06-25", "US/Euro Exchange Rate": "1.3638"}, {"DATE": "2014-06-26", "US/Euro Exchange Rate": "1.3610"}, {"DATE": "2014-06-27", "US/Euro Exchange Rate": "1.3631"}, {"DATE": "2014-06-30", "US/Euro Exchange Rate": "1.3690"}, {"DATE": "2014-07-01", "US/Euro Exchange Rate": "1.3681"}, {"DATE": "2014-07-02", "US/Euro Exchange Rate": "1.3656"}, {"DATE": "2014-07-03", "US/Euro Exchange Rate": "1.3610"}, {"DATE": "2014-07-04", "US/Euro Exchange Rate": "."}, {"DATE": "2014-07-07", "US/Euro Exchange Rate": "1.3604"}, {"DATE": "2014-07-08", "US/Euro Exchange Rate": "1.3614"}, {"DATE": "2014-07-09", "US/Euro Exchange Rate": "1.3630"}, {"DATE": "2014-07-10", "US/Euro Exchange Rate": "1.3600"}, {"DATE": "2014-07-11", "US/Euro Exchange Rate": "1.3598"}, {"DATE": "2014-07-14", "US/Euro Exchange Rate": "1.3620"}, {"DATE": "2014-07-15", "US/Euro Exchange Rate": "1.3573"}, {"DATE": "2014-07-16", "US/Euro Exchange Rate": "1.3530"}, {"DATE": "2014-07-17", "US/Euro Exchange Rate": "1.3530"}, {"DATE": "2014-07-18", "US/Euro Exchange Rate": "1.3515"}, {"DATE": "2014-07-21", "US/Euro Exchange Rate": "1.3524"}, {"DATE": "2014-07-22", "US/Euro Exchange Rate": "1.3470"}, {"DATE": "2014-07-23", "US/Euro Exchange Rate": "1.3462"}, {"DATE": "2014-07-24", "US/Euro Exchange Rate": "1.3468"}, {"DATE": "2014-07-25", "US/Euro Exchange Rate": "1.3431"}, {"DATE": "2014-07-28", "US/Euro Exchange Rate": "1.3440"}, {"DATE": "2014-07-29", "US/Euro Exchange Rate": "1.3410"}, {"DATE": "2014-07-30", "US/Euro Exchange Rate": "1.3378"}, {"DATE": "2014-07-31", "US/Euro Exchange Rate": "1.3390"}, {"DATE": "2014-08-01", "US/Euro Exchange Rate": "1.3436"}, {"DATE": "2014-08-04", "US/Euro Exchange Rate": "1.3414"}, {"DATE": "2014-08-05", "US/Euro Exchange Rate": "1.3366"}, {"DATE": "2014-08-06", "US/Euro Exchange Rate": "1.3355"}, {"DATE": "2014-08-07", "US/Euro Exchange Rate": "1.3362"}, {"DATE": "2014-08-08", "US/Euro Exchange Rate": "1.3412"}, {"DATE": "2014-08-11", "US/Euro Exchange Rate": "1.3385"}, {"DATE": "2014-08-12", "US/Euro Exchange Rate": "1.3357"}, {"DATE": "2014-08-13", "US/Euro Exchange Rate": "1.3367"}, {"DATE": "2014-08-14", "US/Euro Exchange Rate": "1.3376"}, {"DATE": "2014-08-15", "US/Euro Exchange Rate": "1.3392"}, {"DATE": "2014-08-18", "US/Euro Exchange Rate": "1.3358"}, {"DATE": "2014-08-19", "US/Euro Exchange Rate": "1.3320"}, {"DATE": "2014-08-20", "US/Euro Exchange Rate": "1.3284"}, {"DATE": "2014-08-21", "US/Euro Exchange Rate": "1.3284"}, {"DATE": "2014-08-22", "US/Euro Exchange Rate": "1.3237"}, {"DATE": "2014-08-25", "US/Euro Exchange Rate": "1.3206"}, {"DATE": "2014-08-26", "US/Euro Exchange Rate": "1.3189"}, {"DATE": "2014-08-27", "US/Euro Exchange Rate": "1.3192"}, {"DATE": "2014-08-28", "US/Euro Exchange Rate": "1.3178"}, {"DATE": "2014-08-29", "US/Euro Exchange Rate": "1.3150"}, {"DATE": "2014-09-01", "US/Euro Exchange Rate": "."}, {"DATE": "2014-09-02", "US/Euro Exchange Rate": "1.3124"}, {"DATE": "2014-09-03", "US/Euro Exchange Rate": "1.3136"}, {"DATE": "2014-09-04", "US/Euro Exchange Rate": "1.2926"}, {"DATE": "2014-09-05", "US/Euro Exchange Rate": "1.2956"}, {"DATE": "2014-09-08", "US/Euro Exchange Rate": "1.2948"}, {"DATE": "2014-09-09", "US/Euro Exchange Rate": "1.2909"}, {"DATE": "2014-09-10", "US/Euro Exchange Rate": "1.2908"}, {"DATE": "2014-09-11", "US/Euro Exchange Rate": "1.2936"}, {"DATE": "2014-09-12", "US/Euro Exchange Rate": "1.2955"}, {"DATE": "2014-09-15", "US/Euro Exchange Rate": "1.2951"}, {"DATE": "2014-09-16", "US/Euro Exchange Rate": "1.2976"}, {"DATE": "2014-09-17", "US/Euro Exchange Rate": "1.2958"}, {"DATE": "2014-09-18", "US/Euro Exchange Rate": "1.2913"}, {"DATE": "2014-09-19", "US/Euro Exchange Rate": "1.2835"}, {"DATE": "2014-09-22", "US/Euro Exchange Rate": "1.2829"}, {"DATE": "2014-09-23", "US/Euro Exchange Rate": "1.2858"}, {"DATE": "2014-09-24", "US/Euro Exchange Rate": "1.2788"}, {"DATE": "2014-09-25", "US/Euro Exchange Rate": "1.2748"}, {"DATE": "2014-09-26", "US/Euro Exchange Rate": "1.2686"}, {"DATE": "2014-09-29", "US/Euro Exchange Rate": "1.2703"}, {"DATE": "2014-09-30", "US/Euro Exchange Rate": "1.2628"}, {"DATE": "2014-10-01", "US/Euro Exchange Rate": "1.2618"}, {"DATE": "2014-10-02", "US/Euro Exchange Rate": "1.2670"}, {"DATE": "2014-10-03", "US/Euro Exchange Rate": "1.2517"}, {"DATE": "2014-10-06", "US/Euro Exchange Rate": "1.2592"}, {"DATE": "2014-10-07", "US/Euro Exchange Rate": "1.2626"}, {"DATE": "2014-10-08", "US/Euro Exchange Rate": "1.2683"}, {"DATE": "2014-10-09", "US/Euro Exchange Rate": "1.2683"}, {"DATE": "2014-10-10", "US/Euro Exchange Rate": "1.2636"}, {"DATE": "2014-10-13", "US/Euro Exchange Rate": "."}, {"DATE": "2014-10-14", "US/Euro Exchange Rate": "1.2660"}, {"DATE": "2014-10-15", "US/Euro Exchange Rate": "1.2778"}, {"DATE": "2014-10-16", "US/Euro Exchange Rate": "1.2812"}, {"DATE": "2014-10-17", "US/Euro Exchange Rate": "1.2755"}, {"DATE": "2014-10-20", "US/Euro Exchange Rate": "1.2783"}, {"DATE": "2014-10-21", "US/Euro Exchange Rate": "1.2724"}, {"DATE": "2014-10-22", "US/Euro Exchange Rate": "1.2658"}, {"DATE": "2014-10-23", "US/Euro Exchange Rate": "1.2658"}, {"DATE": "2014-10-24", "US/Euro Exchange Rate": "1.2675"}, {"DATE": "2014-10-27", "US/Euro Exchange Rate": "1.2712"}, {"DATE": "2014-10-28", "US/Euro Exchange Rate": "1.2747"}, {"DATE": "2014-10-29", "US/Euro Exchange Rate": "1.2762"}, {"DATE": "2014-10-30", "US/Euro Exchange Rate": "1.2622"}, {"DATE": "2014-10-31", "US/Euro Exchange Rate": "1.2530"}, {"DATE": "2014-11-03", "US/Euro Exchange Rate": "1.2487"}, {"DATE": "2014-11-04", "US/Euro Exchange Rate": "1.2554"}, {"DATE": "2014-11-05", "US/Euro Exchange Rate": "1.2488"}, {"DATE": "2014-11-06", "US/Euro Exchange Rate": "1.2414"}, {"DATE": "2014-11-07", "US/Euro Exchange Rate": "1.2422"}, {"DATE": "2014-11-10", "US/Euro Exchange Rate": "1.2425"}, {"DATE": "2014-11-11", "US/Euro Exchange Rate": "."}, {"DATE": "2014-11-12", "US/Euro Exchange Rate": "1.2456"}, {"DATE": "2014-11-13", "US/Euro Exchange Rate": "1.2476"}, {"DATE": "2014-11-14", "US/Euro Exchange Rate": "1.2494"}, {"DATE": "2014-11-17", "US/Euro Exchange Rate": "1.2447"}, {"DATE": "2014-11-18", "US/Euro Exchange Rate": "1.2534"}, {"DATE": "2014-11-19", "US/Euro Exchange Rate": "1.2548"}, {"DATE": "2014-11-20", "US/Euro Exchange Rate": "1.2526"}, {"DATE": "2014-11-21", "US/Euro Exchange Rate": "1.2394"}, {"DATE": "2014-11-24", "US/Euro Exchange Rate": "1.2427"}, {"DATE": "2014-11-25", "US/Euro Exchange Rate": "1.2472"}, {"DATE": "2014-11-26", "US/Euro Exchange Rate": "1.2503"}, {"DATE": "2014-11-27", "US/Euro Exchange Rate": "."}, {"DATE": "2014-11-28", "US/Euro Exchange Rate": "1.2438"}, {"DATE": "2014-12-01", "US/Euro Exchange Rate": "1.2490"}, {"DATE": "2014-12-02", "US/Euro Exchange Rate": "1.2390"}, {"DATE": "2014-12-03", "US/Euro Exchange Rate": "1.2304"}, {"DATE": "2014-12-04", "US/Euro Exchange Rate": "1.2432"}, {"DATE": "2014-12-05", "US/Euro Exchange Rate": "1.2304"}, {"DATE": "2014-12-08", "US/Euro Exchange Rate": "1.2292"}, {"DATE": "2014-12-09", "US/Euro Exchange Rate": "1.2415"}, {"DATE": "2014-12-10", "US/Euro Exchange Rate": "1.2425"}, {"DATE": "2014-12-11", "US/Euro Exchange Rate": "1.2397"}, {"DATE": "2014-12-12", "US/Euro Exchange Rate": "1.2484"}, {"DATE": "2014-12-15", "US/Euro Exchange Rate": "1.2470"}, {"DATE": "2014-12-16", "US/Euro Exchange Rate": "1.2504"}, {"DATE": "2014-12-17", "US/Euro Exchange Rate": "1.2406"}, {"DATE": "2014-12-18", "US/Euro Exchange Rate": "1.2291"}, {"DATE": "2014-12-19", "US/Euro Exchange Rate": "1.2235"}, {"DATE": "2014-12-22", "US/Euro Exchange Rate": "1.2252"}, {"DATE": "2014-12-23", "US/Euro Exchange Rate": "1.2180"}, {"DATE": "2014-12-24", "US/Euro Exchange Rate": "1.2188"}, {"DATE": "2014-12-25", "US/Euro Exchange Rate": "."}, {"DATE": "2014-12-26", "US/Euro Exchange Rate": "."}, {"DATE": "2014-12-29", "US/Euro Exchange Rate": "1.2179"}, {"DATE": "2014-12-30", "US/Euro Exchange Rate": "1.2174"}, {"DATE": "2014-12-31", "US/Euro Exchange Rate": "1.2101"}, {"DATE": "2015-01-01", "US/Euro Exchange Rate": "."}, {"DATE": "2015-01-02", "US/Euro Exchange Rate": "1.2015"}, {"DATE": "2015-01-05", "US/Euro Exchange Rate": "1.1918"}, {"DATE": "2015-01-06", "US/Euro Exchange Rate": "1.1936"}, {"DATE": "2015-01-07", "US/Euro Exchange Rate": "1.1820"}, {"DATE": "2015-01-08", "US/Euro Exchange Rate": "1.1811"}, {"DATE": "2015-01-09", "US/Euro Exchange Rate": "1.1830"}, {"DATE": "2015-01-12", "US/Euro Exchange Rate": "1.1832"}, {"DATE": "2015-01-13", "US/Euro Exchange Rate": "1.1779"}, {"DATE": "2015-01-14", "US/Euro Exchange Rate": "1.1806"}, {"DATE": "2015-01-15", "US/Euro Exchange Rate": "1.1598"}, {"DATE": "2015-01-16", "US/Euro Exchange Rate": "1.1517"}, {"DATE": "2015-01-19", "US/Euro Exchange Rate": "."}, {"DATE": "2015-01-20", "US/Euro Exchange Rate": "1.1559"}, {"DATE": "2015-01-21", "US/Euro Exchange Rate": "1.1584"}, {"DATE": "2015-01-22", "US/Euro Exchange Rate": "1.1414"}, {"DATE": "2015-01-23", "US/Euro Exchange Rate": "1.1279"}, {"DATE": "2015-01-26", "US/Euro Exchange Rate": "1.1290"}, {"DATE": "2015-01-27", "US/Euro Exchange Rate": "1.1370"}, {"DATE": "2015-01-28", "US/Euro Exchange Rate": "1.1342"}, {"DATE": "2015-01-29", "US/Euro Exchange Rate": "1.1308"}, {"DATE": "2015-01-30", "US/Euro Exchange Rate": "1.1290"}, {"DATE": "2015-02-02", "US/Euro Exchange Rate": "1.1337"}, {"DATE": "2015-02-03", "US/Euro Exchange Rate": "1.1462"}, {"DATE": "2015-02-04", "US/Euro Exchange Rate": "1.1418"}, {"DATE": "2015-02-05", "US/Euro Exchange Rate": "1.1432"}, {"DATE": "2015-02-06", "US/Euro Exchange Rate": "1.1330"}, {"DATE": "2015-02-09", "US/Euro Exchange Rate": "1.1316"}, {"DATE": "2015-02-10", "US/Euro Exchange Rate": "1.1316"}, {"DATE": "2015-02-11", "US/Euro Exchange Rate": "1.1300"}, {"DATE": "2015-02-12", "US/Euro Exchange Rate": "1.1410"}, {"DATE": "2015-02-13", "US/Euro Exchange Rate": "1.1408"}, {"DATE": "2015-02-16", "US/Euro Exchange Rate": "."}, {"DATE": "2015-02-17", "US/Euro Exchange Rate": "1.1395"}, {"DATE": "2015-02-18", "US/Euro Exchange Rate": "1.1342"}, {"DATE": "2015-02-19", "US/Euro Exchange Rate": "1.1392"}, {"DATE": "2015-02-20", "US/Euro Exchange Rate": "1.1372"}, {"DATE": "2015-02-23", "US/Euro Exchange Rate": "1.1346"}, {"DATE": "2015-02-24", "US/Euro Exchange Rate": "1.1307"}, {"DATE": "2015-02-25", "US/Euro Exchange Rate": "1.1363"}, {"DATE": "2015-02-26", "US/Euro Exchange Rate": "1.1212"}, {"DATE": "2015-02-27", "US/Euro Exchange Rate": "1.1197"}, {"DATE": "2015-03-02", "US/Euro Exchange Rate": "1.1190"}, {"DATE": "2015-03-03", "US/Euro Exchange Rate": "1.1212"}, {"DATE": "2015-03-04", "US/Euro Exchange Rate": "1.1070"}, {"DATE": "2015-03-05", "US/Euro Exchange Rate": "1.1006"}, {"DATE": "2015-03-06", "US/Euro Exchange Rate": "1.0855"}, {"DATE": "2015-03-09", "US/Euro Exchange Rate": "1.0846"}, {"DATE": "2015-03-10", "US/Euro Exchange Rate": "1.0707"}, {"DATE": "2015-03-11", "US/Euro Exchange Rate": "1.0576"}, {"DATE": "2015-03-12", "US/Euro Exchange Rate": "1.0615"}, {"DATE": "2015-03-13", "US/Euro Exchange Rate": "1.0524"}, {"DATE": "2015-03-16", "US/Euro Exchange Rate": "1.0575"}, {"DATE": "2015-03-17", "US/Euro Exchange Rate": "1.0605"}, {"DATE": "2015-03-18", "US/Euro Exchange Rate": "1.0643"}, {"DATE": "2015-03-19", "US/Euro Exchange Rate": "1.0621"}, {"DATE": "2015-03-20", "US/Euro Exchange Rate": "1.0792"}, {"DATE": "2015-03-23", "US/Euro Exchange Rate": "1.0928"}, {"DATE": "2015-03-24", "US/Euro Exchange Rate": "1.0908"}, {"DATE": "2015-03-25", "US/Euro Exchange Rate": "1.0986"}, {"DATE": "2015-03-26", "US/Euro Exchange Rate": "1.0919"}, {"DATE": "2015-03-27", "US/Euro Exchange Rate": "1.0891"}, {"DATE": "2015-03-30", "US/Euro Exchange Rate": "1.0818"}, {"DATE": "2015-03-31", "US/Euro Exchange Rate": "1.0741"}, {"DATE": "2015-04-01", "US/Euro Exchange Rate": "1.0768"}, {"DATE": "2015-04-02", "US/Euro Exchange Rate": "1.0874"}, {"DATE": "2015-04-03", "US/Euro Exchange Rate": "1.0990"}, {"DATE": "2015-04-06", "US/Euro Exchange Rate": "1.1008"}, {"DATE": "2015-04-07", "US/Euro Exchange Rate": "1.0850"}, {"DATE": "2015-04-08", "US/Euro Exchange Rate": "1.0818"}, {"DATE": "2015-04-09", "US/Euro Exchange Rate": "1.0671"}, {"DATE": "2015-04-10", "US/Euro Exchange Rate": "1.0598"}, {"DATE": "2015-04-13", "US/Euro Exchange Rate": "1.0582"}, {"DATE": "2015-04-14", "US/Euro Exchange Rate": "1.0672"}, {"DATE": "2015-04-15", "US/Euro Exchange Rate": "1.0596"}, {"DATE": "2015-04-16", "US/Euro Exchange Rate": "1.0742"}, {"DATE": "2015-04-17", "US/Euro Exchange Rate": "1.0780"}, {"DATE": "2015-04-20", "US/Euro Exchange Rate": "1.0763"}, {"DATE": "2015-04-21", "US/Euro Exchange Rate": "1.0758"}, {"DATE": "2015-04-22", "US/Euro Exchange Rate": "1.0729"}, {"DATE": "2015-04-23", "US/Euro Exchange Rate": "1.0803"}, {"DATE": "2015-04-24", "US/Euro Exchange Rate": "1.0876"}, {"DATE": "2015-04-27", "US/Euro Exchange Rate": "1.0892"}, {"DATE": "2015-04-28", "US/Euro Exchange Rate": "1.0979"}, {"DATE": "2015-04-29", "US/Euro Exchange Rate": "1.1174"}, {"DATE": "2015-04-30", "US/Euro Exchange Rate": "1.1162"}, {"DATE": "2015-05-01", "US/Euro Exchange Rate": "1.1194"}, {"DATE": "2015-05-04", "US/Euro Exchange Rate": "1.1145"}, {"DATE": "2015-05-05", "US/Euro Exchange Rate": "1.1174"}, {"DATE": "2015-05-06", "US/Euro Exchange Rate": "1.1345"}, {"DATE": "2015-05-07", "US/Euro Exchange Rate": "1.1283"}, {"DATE": "2015-05-08", "US/Euro Exchange Rate": "1.1241"}, {"DATE": "2015-05-11", "US/Euro Exchange Rate": "1.1142"}, {"DATE": "2015-05-12", "US/Euro Exchange Rate": "1.1240"}, {"DATE": "2015-05-13", "US/Euro Exchange Rate": "1.1372"}, {"DATE": "2015-05-14", "US/Euro Exchange Rate": "1.1368"}, {"DATE": "2015-05-15", "US/Euro Exchange Rate": "1.1428"}, {"DATE": "2015-05-18", "US/Euro Exchange Rate": "1.1354"}, {"DATE": "2015-05-19", "US/Euro Exchange Rate": "1.1151"}, {"DATE": "2015-05-20", "US/Euro Exchange Rate": "1.1079"}, {"DATE": "2015-05-21", "US/Euro Exchange Rate": "1.1126"}, {"DATE": "2015-05-22", "US/Euro Exchange Rate": "1.1033"}, {"DATE": "2015-05-25", "US/Euro Exchange Rate": "."}, {"DATE": "2015-05-26", "US/Euro Exchange Rate": "1.0876"}, {"DATE": "2015-05-27", "US/Euro Exchange Rate": "1.0888"}, {"DATE": "2015-05-28", "US/Euro Exchange Rate": "1.0914"}, {"DATE": "2015-05-29", "US/Euro Exchange Rate": "1.0994"}, {"DATE": "2015-06-01", "US/Euro Exchange Rate": "1.0913"}, {"DATE": "2015-06-02", "US/Euro Exchange Rate": "1.1130"}, {"DATE": "2015-06-03", "US/Euro Exchange Rate": "1.1285"}, {"DATE": "2015-06-04", "US/Euro Exchange Rate": "1.1271"}, {"DATE": "2015-06-05", "US/Euro Exchange Rate": "1.1108"}, {"DATE": "2015-06-08", "US/Euro Exchange Rate": "1.1232"}, {"DATE": "2015-06-09", "US/Euro Exchange Rate": "1.1284"}, {"DATE": "2015-06-10", "US/Euro Exchange Rate": "1.1307"}, {"DATE": "2015-06-11", "US/Euro Exchange Rate": "1.1236"}, {"DATE": "2015-06-12", "US/Euro Exchange Rate": "1.1278"}, {"DATE": "2015-06-15", "US/Euro Exchange Rate": "1.1266"}, {"DATE": "2015-06-16", "US/Euro Exchange Rate": "1.1238"}, {"DATE": "2015-06-17", "US/Euro Exchange Rate": "1.1244"}, {"DATE": "2015-06-18", "US/Euro Exchange Rate": "1.1404"}, {"DATE": "2015-06-19", "US/Euro Exchange Rate": "1.1335"}, {"DATE": "2015-06-22", "US/Euro Exchange Rate": "1.1378"}, {"DATE": "2015-06-23", "US/Euro Exchange Rate": "1.1190"}, {"DATE": "2015-06-24", "US/Euro Exchange Rate": "1.1178"}, {"DATE": "2015-06-25", "US/Euro Exchange Rate": "1.1196"}, {"DATE": "2015-06-26", "US/Euro Exchange Rate": "1.1156"}, {"DATE": "2015-06-29", "US/Euro Exchange Rate": "1.1180"}, {"DATE": "2015-06-30", "US/Euro Exchange Rate": "1.1154"}, {"DATE": "2015-07-01", "US/Euro Exchange Rate": "1.1084"}, {"DATE": "2015-07-02", "US/Euro Exchange Rate": "1.1090"}, {"DATE": "2015-07-03", "US/Euro Exchange Rate": "."}, {"DATE": "2015-07-06", "US/Euro Exchange Rate": "1.1076"}, {"DATE": "2015-07-07", "US/Euro Exchange Rate": "1.0952"}, {"DATE": "2015-07-08", "US/Euro Exchange Rate": "1.1072"}, {"DATE": "2015-07-09", "US/Euro Exchange Rate": "1.1025"}, {"DATE": "2015-07-10", "US/Euro Exchange Rate": "1.1150"}, {"DATE": "2015-07-13", "US/Euro Exchange Rate": "1.1020"}, {"DATE": "2015-07-14", "US/Euro Exchange Rate": "1.1015"}, {"DATE": "2015-07-15", "US/Euro Exchange Rate": "1.0965"}, {"DATE": "2015-07-16", "US/Euro Exchange Rate": "1.0898"}, {"DATE": "2015-07-17", "US/Euro Exchange Rate": "1.0848"}, {"DATE": "2015-07-20", "US/Euro Exchange Rate": "1.0850"}, {"DATE": "2015-07-21", "US/Euro Exchange Rate": "1.0927"}, {"DATE": "2015-07-22", "US/Euro Exchange Rate": "1.0884"}, {"DATE": "2015-07-23", "US/Euro Exchange Rate": "1.0976"}, {"DATE": "2015-07-24", "US/Euro Exchange Rate": "1.0976"}, {"DATE": "2015-07-27", "US/Euro Exchange Rate": "1.1112"}, {"DATE": "2015-07-28", "US/Euro Exchange Rate": "1.1055"}, {"DATE": "2015-07-29", "US/Euro Exchange Rate": "1.1026"}, {"DATE": "2015-07-30", "US/Euro Exchange Rate": "1.0914"}, {"DATE": "2015-07-31", "US/Euro Exchange Rate": "1.1028"}, {"DATE": "2015-08-03", "US/Euro Exchange Rate": "1.0962"}, {"DATE": "2015-08-04", "US/Euro Exchange Rate": "1.0953"}, {"DATE": "2015-08-05", "US/Euro Exchange Rate": "1.0868"}, {"DATE": "2015-08-06", "US/Euro Exchange Rate": "1.0922"}, {"DATE": "2015-08-07", "US/Euro Exchange Rate": "1.0958"}, {"DATE": "2015-08-10", "US/Euro Exchange Rate": "1.0994"}, {"DATE": "2015-08-11", "US/Euro Exchange Rate": "1.1042"}, {"DATE": "2015-08-12", "US/Euro Exchange Rate": "1.1198"}, {"DATE": "2015-08-13", "US/Euro Exchange Rate": "1.1144"}, {"DATE": "2015-08-14", "US/Euro Exchange Rate": "1.1110"}, {"DATE": "2015-08-17", "US/Euro Exchange Rate": "1.1078"}, {"DATE": "2015-08-18", "US/Euro Exchange Rate": "1.1028"}, {"DATE": "2015-08-19", "US/Euro Exchange Rate": "1.1061"}, {"DATE": "2015-08-20", "US/Euro Exchange Rate": "1.1200"}, {"DATE": "2015-08-21", "US/Euro Exchange Rate": "1.1356"}, {"DATE": "2015-08-24", "US/Euro Exchange Rate": "1.1580"}, {"DATE": "2015-08-25", "US/Euro Exchange Rate": "1.1410"}, {"DATE": "2015-08-26", "US/Euro Exchange Rate": "1.1390"}, {"DATE": "2015-08-27", "US/Euro Exchange Rate": "1.1239"}, {"DATE": "2015-08-28", "US/Euro Exchange Rate": "1.1172"}, {"DATE": "2015-08-31", "US/Euro Exchange Rate": "1.1194"}, {"DATE": "2015-09-01", "US/Euro Exchange Rate": "1.1263"}, {"DATE": "2015-09-02", "US/Euro Exchange Rate": "1.1242"}, {"DATE": "2015-09-03", "US/Euro Exchange Rate": "1.1104"}, {"DATE": "2015-09-04", "US/Euro Exchange Rate": "1.1117"}, {"DATE": "2015-09-07", "US/Euro Exchange Rate": "."}, {"DATE": "2015-09-08", "US/Euro Exchange Rate": "1.1182"}, {"DATE": "2015-09-09", "US/Euro Exchange Rate": "1.1165"}, {"DATE": "2015-09-10", "US/Euro Exchange Rate": "1.1262"}, {"DATE": "2015-09-11", "US/Euro Exchange Rate": "1.1338"}, {"DATE": "2015-09-14", "US/Euro Exchange Rate": "1.1307"}, {"DATE": "2015-09-15", "US/Euro Exchange Rate": "1.1260"}, {"DATE": "2015-09-16", "US/Euro Exchange Rate": "1.1304"}, {"DATE": "2015-09-17", "US/Euro Exchange Rate": "1.1312"}, {"DATE": "2015-09-18", "US/Euro Exchange Rate": "1.1358"}, {"DATE": "2015-09-21", "US/Euro Exchange Rate": "1.1204"}, {"DATE": "2015-09-22", "US/Euro Exchange Rate": "1.1133"}, {"DATE": "2015-09-23", "US/Euro Exchange Rate": "1.1160"}, {"DATE": "2015-09-24", "US/Euro Exchange Rate": "1.1252"}, {"DATE": "2015-09-25", "US/Euro Exchange Rate": "1.1192"}, {"DATE": "2015-09-28", "US/Euro Exchange Rate": "1.1236"}, {"DATE": "2015-09-29", "US/Euro Exchange Rate": "1.1246"}, {"DATE": "2015-09-30", "US/Euro Exchange Rate": "1.1162"}, {"DATE": "2015-10-01", "US/Euro Exchange Rate": "1.1200"}, {"DATE": "2015-10-02", "US/Euro Exchange Rate": "1.1276"}, {"DATE": "2015-10-05", "US/Euro Exchange Rate": "1.1200"}, {"DATE": "2015-10-06", "US/Euro Exchange Rate": "1.1266"}, {"DATE": "2015-10-07", "US/Euro Exchange Rate": "1.1249"}, {"DATE": "2015-10-08", "US/Euro Exchange Rate": "1.1282"}, {"DATE": "2015-10-09", "US/Euro Exchange Rate": "1.1363"}, {"DATE": "2015-10-12", "US/Euro Exchange Rate": "."}, {"DATE": "2015-10-13", "US/Euro Exchange Rate": "1.1382"}, {"DATE": "2015-10-14", "US/Euro Exchange Rate": "1.1437"}, {"DATE": "2015-10-15", "US/Euro Exchange Rate": "1.1418"}, {"DATE": "2015-10-16", "US/Euro Exchange Rate": "1.1360"}, {"DATE": "2015-10-19", "US/Euro Exchange Rate": "1.1320"}, {"DATE": "2015-10-20", "US/Euro Exchange Rate": "1.1359"}, {"DATE": "2015-10-21", "US/Euro Exchange Rate": "1.1345"}, {"DATE": "2015-10-22", "US/Euro Exchange Rate": "1.1140"}, {"DATE": "2015-10-23", "US/Euro Exchange Rate": "1.1016"}, {"DATE": "2015-10-26", "US/Euro Exchange Rate": "1.1051"}, {"DATE": "2015-10-27", "US/Euro Exchange Rate": "1.1052"}, {"DATE": "2015-10-28", "US/Euro Exchange Rate": "1.1066"}, {"DATE": "2015-10-29", "US/Euro Exchange Rate": "1.0963"}, {"DATE": "2015-10-30", "US/Euro Exchange Rate": "1.1042"}, {"DATE": "2015-11-02", "US/Euro Exchange Rate": "1.1026"}, {"DATE": "2015-11-03", "US/Euro Exchange Rate": "1.0946"}, {"DATE": "2015-11-04", "US/Euro Exchange Rate": "1.0861"}, {"DATE": "2015-11-05", "US/Euro Exchange Rate": "1.0869"}, {"DATE": "2015-11-06", "US/Euro Exchange Rate": "1.0746"}, {"DATE": "2015-11-09", "US/Euro Exchange Rate": "1.0767"}, {"DATE": "2015-11-10", "US/Euro Exchange Rate": "1.0686"}, {"DATE": "2015-11-11", "US/Euro Exchange Rate": "."}, {"DATE": "2015-11-12", "US/Euro Exchange Rate": "1.0768"}, {"DATE": "2015-11-13", "US/Euro Exchange Rate": "1.0722"}, {"DATE": "2015-11-16", "US/Euro Exchange Rate": "1.0708"}, {"DATE": "2015-11-17", "US/Euro Exchange Rate": "1.0634"}, {"DATE": "2015-11-18", "US/Euro Exchange Rate": "1.0638"}, {"DATE": "2015-11-19", "US/Euro Exchange Rate": "1.0746"}, {"DATE": "2015-11-20", "US/Euro Exchange Rate": "1.0660"}, {"DATE": "2015-11-23", "US/Euro Exchange Rate": "1.0602"}, {"DATE": "2015-11-24", "US/Euro Exchange Rate": "1.0652"}, {"DATE": "2015-11-25", "US/Euro Exchange Rate": "1.0616"}, {"DATE": "2015-11-26", "US/Euro Exchange Rate": "."}, {"DATE": "2015-11-27", "US/Euro Exchange Rate": "1.0596"}, {"DATE": "2015-11-30", "US/Euro Exchange Rate": "1.0562"}, {"DATE": "2015-12-01", "US/Euro Exchange Rate": "1.0620"}, {"DATE": "2015-12-02", "US/Euro Exchange Rate": "1.0573"}, {"DATE": "2015-12-03", "US/Euro Exchange Rate": "1.0902"}, {"DATE": "2015-12-04", "US/Euro Exchange Rate": "1.0884"}, {"DATE": "2015-12-07", "US/Euro Exchange Rate": "1.0840"}, {"DATE": "2015-12-08", "US/Euro Exchange Rate": "1.0876"}, {"DATE": "2015-12-09", "US/Euro Exchange Rate": "1.0984"}, {"DATE": "2015-12-10", "US/Euro Exchange Rate": "1.0948"}, {"DATE": "2015-12-11", "US/Euro Exchange Rate": "1.1002"}, {"DATE": "2015-12-14", "US/Euro Exchange Rate": "1.1025"}, {"DATE": "2015-12-15", "US/Euro Exchange Rate": "1.0911"}, {"DATE": "2015-12-16", "US/Euro Exchange Rate": "1.0937"}, {"DATE": "2015-12-17", "US/Euro Exchange Rate": "1.0804"}, {"DATE": "2015-12-18", "US/Euro Exchange Rate": "1.0847"}, {"DATE": "2015-12-21", "US/Euro Exchange Rate": "1.0920"}, {"DATE": "2015-12-22", "US/Euro Exchange Rate": "1.0978"}, {"DATE": "2015-12-23", "US/Euro Exchange Rate": "1.0875"}, {"DATE": "2015-12-24", "US/Euro Exchange Rate": "1.0955"}, {"DATE": "2015-12-25", "US/Euro Exchange Rate": "."}, {"DATE": "2015-12-28", "US/Euro Exchange Rate": "1.0983"}, {"DATE": "2015-12-29", "US/Euro Exchange Rate": "1.0916"}, {"DATE": "2015-12-30", "US/Euro Exchange Rate": "1.0912"}, {"DATE": "2015-12-31", "US/Euro Exchange Rate": "1.0859"}, {"DATE": "2016-01-01", "US/Euro Exchange Rate": "."}, {"DATE": "2016-01-04", "US/Euro Exchange Rate": "1.0803"}, {"DATE": "2016-01-05", "US/Euro Exchange Rate": "1.0743"}, {"DATE": "2016-01-06", "US/Euro Exchange Rate": "1.0762"}, {"DATE": "2016-01-07", "US/Euro Exchange Rate": "1.0860"}, {"DATE": "2016-01-08", "US/Euro Exchange Rate": "1.0885"}, {"DATE": "2016-01-11", "US/Euro Exchange Rate": "1.0878"}, {"DATE": "2016-01-12", "US/Euro Exchange Rate": "1.0837"}, {"DATE": "2016-01-13", "US/Euro Exchange Rate": "1.0862"}, {"DATE": "2016-01-14", "US/Euro Exchange Rate": "1.0862"}, {"DATE": "2016-01-15", "US/Euro Exchange Rate": "1.0964"}, {"DATE": "2016-01-18", "US/Euro Exchange Rate": "."}, {"DATE": "2016-01-19", "US/Euro Exchange Rate": "1.0906"}, {"DATE": "2016-01-20", "US/Euro Exchange Rate": "1.0908"}, {"DATE": "2016-01-21", "US/Euro Exchange Rate": "1.0833"}, {"DATE": "2016-01-22", "US/Euro Exchange Rate": "1.0814"}, {"DATE": "2016-01-25", "US/Euro Exchange Rate": "1.0832"}, {"DATE": "2016-01-26", "US/Euro Exchange Rate": "1.0846"}, {"DATE": "2016-01-27", "US/Euro Exchange Rate": "1.0867"}, {"DATE": "2016-01-28", "US/Euro Exchange Rate": "1.0952"}, {"DATE": "2016-01-29", "US/Euro Exchange Rate": "1.0832"}, {"DATE": "2016-02-01", "US/Euro Exchange Rate": "1.0888"}, {"DATE": "2016-02-02", "US/Euro Exchange Rate": "1.0908"}, {"DATE": "2016-02-03", "US/Euro Exchange Rate": "1.1051"}, {"DATE": "2016-02-04", "US/Euro Exchange Rate": "1.1199"}, {"DATE": "2016-02-05", "US/Euro Exchange Rate": "1.1131"}, {"DATE": "2016-02-08", "US/Euro Exchange Rate": "1.1170"}, {"DATE": "2016-02-09", "US/Euro Exchange Rate": "1.1300"}, {"DATE": "2016-02-10", "US/Euro Exchange Rate": "1.1222"}, {"DATE": "2016-02-11", "US/Euro Exchange Rate": "1.1362"}, {"DATE": "2016-02-12", "US/Euro Exchange Rate": "1.1235"}, {"DATE": "2016-02-15", "US/Euro Exchange Rate": "."}, {"DATE": "2016-02-16", "US/Euro Exchange Rate": "1.1140"}, {"DATE": "2016-02-17", "US/Euro Exchange Rate": "1.1140"}, {"DATE": "2016-02-18", "US/Euro Exchange Rate": "1.1092"}, {"DATE": "2016-02-19", "US/Euro Exchange Rate": "1.1127"}, {"DATE": "2016-02-22", "US/Euro Exchange Rate": "1.1018"}, {"DATE": "2016-02-23", "US/Euro Exchange Rate": "1.1016"}, {"DATE": "2016-02-24", "US/Euro Exchange Rate": "1.1021"}, {"DATE": "2016-02-25", "US/Euro Exchange Rate": "1.1026"}, {"DATE": "2016-02-26", "US/Euro Exchange Rate": "1.0932"}, {"DATE": "2016-02-29", "US/Euro Exchange Rate": "1.0868"}, {"DATE": "2016-03-01", "US/Euro Exchange Rate": "1.0847"}, {"DATE": "2016-03-02", "US/Euro Exchange Rate": "1.0845"}, {"DATE": "2016-03-03", "US/Euro Exchange Rate": "1.0948"}, {"DATE": "2016-03-04", "US/Euro Exchange Rate": "1.1010"}, {"DATE": "2016-03-07", "US/Euro Exchange Rate": "1.1004"}, {"DATE": "2016-03-08", "US/Euro Exchange Rate": "1.1028"}, {"DATE": "2016-03-09", "US/Euro Exchange Rate": "1.1022"}, {"DATE": "2016-03-10", "US/Euro Exchange Rate": "1.1162"}, {"DATE": "2016-03-11", "US/Euro Exchange Rate": "1.1180"}, {"DATE": "2016-03-14", "US/Euro Exchange Rate": "1.1107"}, {"DATE": "2016-03-15", "US/Euro Exchange Rate": "1.1112"}, {"DATE": "2016-03-16", "US/Euro Exchange Rate": "1.1075"}, {"DATE": "2016-03-17", "US/Euro Exchange Rate": "1.1316"}, {"DATE": "2016-03-18", "US/Euro Exchange Rate": "1.1292"}, {"DATE": "2016-03-21", "US/Euro Exchange Rate": "1.1260"}, {"DATE": "2016-03-22", "US/Euro Exchange Rate": "1.1228"}, {"DATE": "2016-03-23", "US/Euro Exchange Rate": "1.1174"}, {"DATE": "2016-03-24", "US/Euro Exchange Rate": "1.1163"}, {"DATE": "2016-03-25", "US/Euro Exchange Rate": "1.1164"}, {"DATE": "2016-03-28", "US/Euro Exchange Rate": "1.1210"}, {"DATE": "2016-03-29", "US/Euro Exchange Rate": "1.1204"}, {"DATE": "2016-03-30", "US/Euro Exchange Rate": "1.1330"}, {"DATE": "2016-03-31", "US/Euro Exchange Rate": "1.1390"}, {"DATE": "2016-04-01", "US/Euro Exchange Rate": "1.1385"}, {"DATE": "2016-04-04", "US/Euro Exchange Rate": "1.1386"}, {"DATE": "2016-04-05", "US/Euro Exchange Rate": "1.1374"}, {"DATE": "2016-04-06", "US/Euro Exchange Rate": "1.1430"}, {"DATE": "2016-04-07", "US/Euro Exchange Rate": "1.1386"}, {"DATE": "2016-04-08", "US/Euro Exchange Rate": "1.1406"}, {"DATE": "2016-04-11", "US/Euro Exchange Rate": "1.1412"}, {"DATE": "2016-04-12", "US/Euro Exchange Rate": "1.1395"}, {"DATE": "2016-04-13", "US/Euro Exchange Rate": "1.1281"}, {"DATE": "2016-04-14", "US/Euro Exchange Rate": "1.1262"}, {"DATE": "2016-04-15", "US/Euro Exchange Rate": "1.1295"}, {"DATE": "2016-04-18", "US/Euro Exchange Rate": "1.1322"}, {"DATE": "2016-04-19", "US/Euro Exchange Rate": "1.1375"}, {"DATE": "2016-04-20", "US/Euro Exchange Rate": "1.1330"}, {"DATE": "2016-04-21", "US/Euro Exchange Rate": "1.1301"}, {"DATE": "2016-04-22", "US/Euro Exchange Rate": "1.1239"}, {"DATE": "2016-04-25", "US/Euro Exchange Rate": "1.1274"}, {"DATE": "2016-04-26", "US/Euro Exchange Rate": "1.1318"}, {"DATE": "2016-04-27", "US/Euro Exchange Rate": "1.1322"}, {"DATE": "2016-04-28", "US/Euro Exchange Rate": "1.1325"}, {"DATE": "2016-04-29", "US/Euro Exchange Rate": "1.1441"}, {"DATE": "2016-05-02", "US/Euro Exchange Rate": "1.1516"}, {"DATE": "2016-05-03", "US/Euro Exchange Rate": "1.1508"}, {"DATE": "2016-05-04", "US/Euro Exchange Rate": "1.1486"}, {"DATE": "2016-05-05", "US/Euro Exchange Rate": "1.1404"}, {"DATE": "2016-05-06", "US/Euro Exchange Rate": "1.1421"}, {"DATE": "2016-05-09", "US/Euro Exchange Rate": "1.1402"}, {"DATE": "2016-05-10", "US/Euro Exchange Rate": "1.1386"}, {"DATE": "2016-05-11", "US/Euro Exchange Rate": "1.1444"}, {"DATE": "2016-05-12", "US/Euro Exchange Rate": "1.1380"}, {"DATE": "2016-05-13", "US/Euro Exchange Rate": "1.1294"}, {"DATE": "2016-05-16", "US/Euro Exchange Rate": "1.1328"}, {"DATE": "2016-05-17", "US/Euro Exchange Rate": "1.1337"}, {"DATE": "2016-05-18", "US/Euro Exchange Rate": "1.1276"}, {"DATE": "2016-05-19", "US/Euro Exchange Rate": "1.1214"}, {"DATE": "2016-05-20", "US/Euro Exchange Rate": "1.1207"}, {"DATE": "2016-05-23", "US/Euro Exchange Rate": "1.1192"}, {"DATE": "2016-05-24", "US/Euro Exchange Rate": "1.1145"}, {"DATE": "2016-05-25", "US/Euro Exchange Rate": "1.1154"}, {"DATE": "2016-05-26", "US/Euro Exchange Rate": "1.1184"}, {"DATE": "2016-05-27", "US/Euro Exchange Rate": "1.1140"}, {"DATE": "2016-05-30", "US/Euro Exchange Rate": "."}, {"DATE": "2016-05-31", "US/Euro Exchange Rate": "1.1135"}, {"DATE": "2016-06-01", "US/Euro Exchange Rate": "1.1165"}, {"DATE": "2016-06-02", "US/Euro Exchange Rate": "1.1157"}, {"DATE": "2016-06-03", "US/Euro Exchange Rate": "1.1330"}, {"DATE": "2016-06-06", "US/Euro Exchange Rate": "1.1354"}, {"DATE": "2016-06-07", "US/Euro Exchange Rate": "1.1350"}, {"DATE": "2016-06-08", "US/Euro Exchange Rate": "1.1400"}, {"DATE": "2016-06-09", "US/Euro Exchange Rate": "1.1329"}, {"DATE": "2016-06-10", "US/Euro Exchange Rate": "1.1281"}, {"DATE": "2016-06-13", "US/Euro Exchange Rate": "1.1282"}, {"DATE": "2016-06-14", "US/Euro Exchange Rate": "1.1206"}, {"DATE": "2016-06-15", "US/Euro Exchange Rate": "1.1239"}, {"DATE": "2016-06-16", "US/Euro Exchange Rate": "1.1158"}, {"DATE": "2016-06-17", "US/Euro Exchange Rate": "1.1256"}, {"DATE": "2016-06-20", "US/Euro Exchange Rate": "1.1318"}, {"DATE": "2016-06-21", "US/Euro Exchange Rate": "1.1262"}, {"DATE": "2016-06-22", "US/Euro Exchange Rate": "1.1286"}, {"DATE": "2016-06-23", "US/Euro Exchange Rate": "1.1373"}, {"DATE": "2016-06-24", "US/Euro Exchange Rate": "1.1126"}, {"DATE": "2016-06-27", "US/Euro Exchange Rate": "1.1024"}, {"DATE": "2016-06-28", "US/Euro Exchange Rate": "1.1054"}, {"DATE": "2016-06-29", "US/Euro Exchange Rate": "1.1117"}, {"DATE": "2016-06-30", "US/Euro Exchange Rate": "1.1032"}, {"DATE": "2016-07-01", "US/Euro Exchange Rate": "1.1145"}, {"DATE": "2016-07-04", "US/Euro Exchange Rate": "."}, {"DATE": "2016-07-05", "US/Euro Exchange Rate": "1.1080"}, {"DATE": "2016-07-06", "US/Euro Exchange Rate": "1.1077"}, {"DATE": "2016-07-07", "US/Euro Exchange Rate": "1.1065"}, {"DATE": "2016-07-08", "US/Euro Exchange Rate": "1.1038"}, {"DATE": "2016-07-11", "US/Euro Exchange Rate": "1.1045"}, {"DATE": "2016-07-12", "US/Euro Exchange Rate": "1.1074"}, {"DATE": "2016-07-13", "US/Euro Exchange Rate": "1.1112"}, {"DATE": "2016-07-14", "US/Euro Exchange Rate": "1.1109"}, {"DATE": "2016-07-15", "US/Euro Exchange Rate": "1.1059"}, {"DATE": "2016-07-18", "US/Euro Exchange Rate": "1.1076"}, {"DATE": "2016-07-19", "US/Euro Exchange Rate": "1.1014"}, {"DATE": "2016-07-20", "US/Euro Exchange Rate": "1.1007"}, {"DATE": "2016-07-21", "US/Euro Exchange Rate": "1.1016"}, {"DATE": "2016-07-22", "US/Euro Exchange Rate": "1.0968"}, {"DATE": "2016-07-25", "US/Euro Exchange Rate": "1.0980"}, {"DATE": "2016-07-26", "US/Euro Exchange Rate": "1.0984"}, {"DATE": "2016-07-27", "US/Euro Exchange Rate": "1.0988"}, {"DATE": "2016-07-28", "US/Euro Exchange Rate": "1.1094"}, {"DATE": "2016-07-29", "US/Euro Exchange Rate": "1.1168"}, {"DATE": "2016-08-01", "US/Euro Exchange Rate": "1.1176"}, {"DATE": "2016-08-02", "US/Euro Exchange Rate": "1.1225"}, {"DATE": "2016-08-03", "US/Euro Exchange Rate": "1.1170"}, {"DATE": "2016-08-04", "US/Euro Exchange Rate": "1.1134"}, {"DATE": "2016-08-05", "US/Euro Exchange Rate": "1.1080"}, {"DATE": "2016-08-08", "US/Euro Exchange Rate": "1.1078"}, {"DATE": "2016-08-09", "US/Euro Exchange Rate": "1.1110"}, {"DATE": "2016-08-10", "US/Euro Exchange Rate": "1.1171"}, {"DATE": "2016-08-11", "US/Euro Exchange Rate": "1.1168"}, {"DATE": "2016-08-12", "US/Euro Exchange Rate": "1.1172"}, {"DATE": "2016-08-15", "US/Euro Exchange Rate": "1.1199"}, {"DATE": "2016-08-16", "US/Euro Exchange Rate": "1.1277"}, {"DATE": "2016-08-17", "US/Euro Exchange Rate": "1.1263"}, {"DATE": "2016-08-18", "US/Euro Exchange Rate": "1.1334"}, {"DATE": "2016-08-19", "US/Euro Exchange Rate": "1.1326"}, {"DATE": "2016-08-22", "US/Euro Exchange Rate": "1.1314"}, {"DATE": "2016-08-23", "US/Euro Exchange Rate": "1.1308"}, {"DATE": "2016-08-24", "US/Euro Exchange Rate": "1.1256"}, {"DATE": "2016-08-25", "US/Euro Exchange Rate": "1.1274"}, {"DATE": "2016-08-26", "US/Euro Exchange Rate": "1.1237"}, {"DATE": "2016-08-29", "US/Euro Exchange Rate": "1.1182"}, {"DATE": "2016-08-30", "US/Euro Exchange Rate": "1.1150"}, {"DATE": "2016-08-31", "US/Euro Exchange Rate": "1.1146"}, {"DATE": "2016-09-01", "US/Euro Exchange Rate": "1.1194"}, {"DATE": "2016-09-02", "US/Euro Exchange Rate": "1.1158"}, {"DATE": "2016-09-05", "US/Euro Exchange Rate": "."}, {"DATE": "2016-09-06", "US/Euro Exchange Rate": "1.1237"}, {"DATE": "2016-09-07", "US/Euro Exchange Rate": "1.1238"}, {"DATE": "2016-09-08", "US/Euro Exchange Rate": "1.1256"}, {"DATE": "2016-09-09", "US/Euro Exchange Rate": "1.1214"}, {"DATE": "2016-09-12", "US/Euro Exchange Rate": "1.1230"}, {"DATE": "2016-09-13", "US/Euro Exchange Rate": "1.1242"}, {"DATE": "2016-09-14", "US/Euro Exchange Rate": "1.1271"}, {"DATE": "2016-09-15", "US/Euro Exchange Rate": "1.1246"}, {"DATE": "2016-09-16", "US/Euro Exchange Rate": "1.1160"}, {"DATE": "2016-09-19", "US/Euro Exchange Rate": "1.1179"}, {"DATE": "2016-09-20", "US/Euro Exchange Rate": "1.1172"}, {"DATE": "2016-09-21", "US/Euro Exchange Rate": "1.1165"}, {"DATE": "2016-09-22", "US/Euro Exchange Rate": "1.1229"}, {"DATE": "2016-09-23", "US/Euro Exchange Rate": "1.1223"}, {"DATE": "2016-09-26", "US/Euro Exchange Rate": "1.1270"}, {"DATE": "2016-09-27", "US/Euro Exchange Rate": "1.1208"}, {"DATE": "2016-09-28", "US/Euro Exchange Rate": "1.1200"}, {"DATE": "2016-09-29", "US/Euro Exchange Rate": "1.1244"}, {"DATE": "2016-09-30", "US/Euro Exchange Rate": "1.1238"}, {"DATE": "2016-10-03", "US/Euro Exchange Rate": "1.1210"}, {"DATE": "2016-10-04", "US/Euro Exchange Rate": "1.1212"}, {"DATE": "2016-10-05", "US/Euro Exchange Rate": "1.1196"}, {"DATE": "2016-10-06", "US/Euro Exchange Rate": "1.1158"}, {"DATE": "2016-10-07", "US/Euro Exchange Rate": "1.1156"}, {"DATE": "2016-10-10", "US/Euro Exchange Rate": "."}, {"DATE": "2016-10-11", "US/Euro Exchange Rate": "1.1062"}, {"DATE": "2016-10-12", "US/Euro Exchange Rate": "1.1014"}, {"DATE": "2016-10-13", "US/Euro Exchange Rate": "1.1038"}, {"DATE": "2016-10-14", "US/Euro Exchange Rate": "1.0985"}, {"DATE": "2016-10-17", "US/Euro Exchange Rate": "1.1000"}, {"DATE": "2016-10-18", "US/Euro Exchange Rate": "1.0997"}, {"DATE": "2016-10-19", "US/Euro Exchange Rate": "1.0966"}, {"DATE": "2016-10-20", "US/Euro Exchange Rate": "1.0934"}, {"DATE": "2016-10-21", "US/Euro Exchange Rate": "1.0866"}, {"DATE": "2016-10-24", "US/Euro Exchange Rate": "1.0888"}, {"DATE": "2016-10-25", "US/Euro Exchange Rate": "1.0890"}, {"DATE": "2016-10-26", "US/Euro Exchange Rate": "1.0916"}, {"DATE": "2016-10-27", "US/Euro Exchange Rate": "1.0904"}, {"DATE": "2016-10-28", "US/Euro Exchange Rate": "1.0934"}, {"DATE": "2016-10-31", "US/Euro Exchange Rate": "1.0962"}, {"DATE": "2016-11-01", "US/Euro Exchange Rate": "1.1042"}, {"DATE": "2016-11-02", "US/Euro Exchange Rate": "1.1119"}, {"DATE": "2016-11-03", "US/Euro Exchange Rate": "1.1094"}, {"DATE": "2016-11-04", "US/Euro Exchange Rate": "1.1121"}, {"DATE": "2016-11-07", "US/Euro Exchange Rate": "1.1038"}, {"DATE": "2016-11-08", "US/Euro Exchange Rate": "1.1034"}, {"DATE": "2016-11-09", "US/Euro Exchange Rate": "1.0952"}, {"DATE": "2016-11-10", "US/Euro Exchange Rate": "1.0882"}, {"DATE": "2016-11-11", "US/Euro Exchange Rate": "."}, {"DATE": "2016-11-14", "US/Euro Exchange Rate": "1.0723"}, {"DATE": "2016-11-15", "US/Euro Exchange Rate": "1.0726"}, {"DATE": "2016-11-16", "US/Euro Exchange Rate": "1.0699"}, {"DATE": "2016-11-17", "US/Euro Exchange Rate": "1.0656"}, {"DATE": "2016-11-18", "US/Euro Exchange Rate": "1.0600"}, {"DATE": "2016-11-21", "US/Euro Exchange Rate": "1.0597"}, {"DATE": "2016-11-22", "US/Euro Exchange Rate": "1.0618"}, {"DATE": "2016-11-23", "US/Euro Exchange Rate": "1.0560"}, {"DATE": "2016-11-24", "US/Euro Exchange Rate": "."}, {"DATE": "2016-11-25", "US/Euro Exchange Rate": "1.0595"}, {"DATE": "2016-11-28", "US/Euro Exchange Rate": "1.0576"}, {"DATE": "2016-11-29", "US/Euro Exchange Rate": "1.0626"}, {"DATE": "2016-11-30", "US/Euro Exchange Rate": "1.0578"}, {"DATE": "2016-12-01", "US/Euro Exchange Rate": "1.0634"}, {"DATE": "2016-12-02", "US/Euro Exchange Rate": "1.0666"}, {"DATE": "2016-12-05", "US/Euro Exchange Rate": "1.0723"}, {"DATE": "2016-12-06", "US/Euro Exchange Rate": "1.0717"}, {"DATE": "2016-12-07", "US/Euro Exchange Rate": "1.0758"}, {"DATE": "2016-12-08", "US/Euro Exchange Rate": "1.0625"}, {"DATE": "2016-12-09", "US/Euro Exchange Rate": "1.0541"}, {"DATE": "2016-12-12", "US/Euro Exchange Rate": "1.0606"}, {"DATE": "2016-12-13", "US/Euro Exchange Rate": "1.0635"}, {"DATE": "2016-12-14", "US/Euro Exchange Rate": "1.0656"}, {"DATE": "2016-12-15", "US/Euro Exchange Rate": "1.0375"}, {"DATE": "2016-12-16", "US/Euro Exchange Rate": "1.0456"}, {"DATE": "2016-12-19", "US/Euro Exchange Rate": "1.0444"}, {"DATE": "2016-12-20", "US/Euro Exchange Rate": "1.0390"}, {"DATE": "2016-12-21", "US/Euro Exchange Rate": "1.0425"}, {"DATE": "2016-12-22", "US/Euro Exchange Rate": "1.0452"}, {"DATE": "2016-12-23", "US/Euro Exchange Rate": "1.0449"}, {"DATE": "2016-12-26", "US/Euro Exchange Rate": "."}, {"DATE": "2016-12-27", "US/Euro Exchange Rate": "1.0458"}, {"DATE": "2016-12-28", "US/Euro Exchange Rate": "1.0389"}, {"DATE": "2016-12-29", "US/Euro Exchange Rate": "1.0486"}, {"DATE": "2016-12-30", "US/Euro Exchange Rate": "1.0552"}, {"DATE": "2017-01-02", "US/Euro Exchange Rate": "."}, {"DATE": "2017-01-03", "US/Euro Exchange Rate": "1.0416"}, {"DATE": "2017-01-04", "US/Euro Exchange Rate": "1.0476"}, {"DATE": "2017-01-05", "US/Euro Exchange Rate": "1.0598"}, {"DATE": "2017-01-06", "US/Euro Exchange Rate": "1.0560"}, {"DATE": "2017-01-09", "US/Euro Exchange Rate": "1.0576"}, {"DATE": "2017-01-10", "US/Euro Exchange Rate": "1.0572"}, {"DATE": "2017-01-11", "US/Euro Exchange Rate": "1.0501"}, {"DATE": "2017-01-12", "US/Euro Exchange Rate": "1.0666"}, {"DATE": "2017-01-13", "US/Euro Exchange Rate": "1.0625"}, {"DATE": "2017-01-16", "US/Euro Exchange Rate": "."}, {"DATE": "2017-01-17", "US/Euro Exchange Rate": "1.0695"}, {"DATE": "2017-01-18", "US/Euro Exchange Rate": "1.0682"}, {"DATE": "2017-01-19", "US/Euro Exchange Rate": "1.0630"}, {"DATE": "2017-01-20", "US/Euro Exchange Rate": "."}, {"DATE": "2017-01-23", "US/Euro Exchange Rate": "1.0740"}, {"DATE": "2017-01-24", "US/Euro Exchange Rate": "1.0749"}, {"DATE": "2017-01-25", "US/Euro Exchange Rate": "1.0743"}, {"DATE": "2017-01-26", "US/Euro Exchange Rate": "1.0670"}, {"DATE": "2017-01-27", "US/Euro Exchange Rate": "1.0690"}, {"DATE": "2017-01-30", "US/Euro Exchange Rate": "1.0681"}, {"DATE": "2017-01-31", "US/Euro Exchange Rate": "1.0794"}, {"DATE": "2017-02-01", "US/Euro Exchange Rate": "1.0758"}, {"DATE": "2017-02-02", "US/Euro Exchange Rate": "1.0802"}, {"DATE": "2017-02-03", "US/Euro Exchange Rate": "1.0792"}, {"DATE": "2017-02-06", "US/Euro Exchange Rate": "1.0731"}, {"DATE": "2017-02-07", "US/Euro Exchange Rate": "1.0690"}, {"DATE": "2017-02-08", "US/Euro Exchange Rate": "1.0708"}, {"DATE": "2017-02-09", "US/Euro Exchange Rate": "1.0658"}, {"DATE": "2017-02-10", "US/Euro Exchange Rate": "1.0650"}, {"DATE": "2017-02-13", "US/Euro Exchange Rate": "1.0603"}, {"DATE": "2017-02-14", "US/Euro Exchange Rate": "1.0577"}, {"DATE": "2017-02-15", "US/Euro Exchange Rate": "1.0597"}, {"DATE": "2017-02-16", "US/Euro Exchange Rate": "1.0660"}, {"DATE": "2017-02-17", "US/Euro Exchange Rate": "1.0614"}, {"DATE": "2017-02-20", "US/Euro Exchange Rate": "."}, {"DATE": "2017-02-21", "US/Euro Exchange Rate": "1.0551"}, {"DATE": "2017-02-22", "US/Euro Exchange Rate": "1.0555"}, {"DATE": "2017-02-23", "US/Euro Exchange Rate": "1.0586"}, {"DATE": "2017-02-24", "US/Euro Exchange Rate": "1.0580"}, {"DATE": "2017-02-27", "US/Euro Exchange Rate": "1.0624"}, {"DATE": "2017-02-28", "US/Euro Exchange Rate": "1.0618"}, {"DATE": "2017-03-01", "US/Euro Exchange Rate": "1.0564"}, {"DATE": "2017-03-02", "US/Euro Exchange Rate": "1.0514"}, {"DATE": "2017-03-03", "US/Euro Exchange Rate": "1.0552"}, {"DATE": "2017-03-06", "US/Euro Exchange Rate": "1.0586"}, {"DATE": "2017-03-07", "US/Euro Exchange Rate": "1.0582"}, {"DATE": "2017-03-08", "US/Euro Exchange Rate": "1.0547"}, {"DATE": "2017-03-09", "US/Euro Exchange Rate": "1.0586"}, {"DATE": "2017-03-10", "US/Euro Exchange Rate": "1.0667"}, {"DATE": "2017-03-13", "US/Euro Exchange Rate": "1.0670"}, {"DATE": "2017-03-14", "US/Euro Exchange Rate": "1.0645"}, {"DATE": "2017-03-15", "US/Euro Exchange Rate": "1.0630"}, {"DATE": "2017-03-16", "US/Euro Exchange Rate": "1.0738"}, {"DATE": "2017-03-17", "US/Euro Exchange Rate": "1.0742"}, {"DATE": "2017-03-20", "US/Euro Exchange Rate": "1.0754"}, {"DATE": "2017-03-21", "US/Euro Exchange Rate": "1.0810"}, {"DATE": "2017-03-22", "US/Euro Exchange Rate": "1.0800"}, {"DATE": "2017-03-23", "US/Euro Exchange Rate": "1.0787"}, {"DATE": "2017-03-24", "US/Euro Exchange Rate": "1.0806"}, {"DATE": "2017-03-27", "US/Euro Exchange Rate": "1.0882"}, {"DATE": "2017-03-28", "US/Euro Exchange Rate": "1.0852"}, {"DATE": "2017-03-29", "US/Euro Exchange Rate": "1.0756"}, {"DATE": "2017-03-30", "US/Euro Exchange Rate": "1.0726"}, {"DATE": "2017-03-31", "US/Euro Exchange Rate": "1.0698"}, {"DATE": "2017-04-03", "US/Euro Exchange Rate": "1.0655"}, {"DATE": "2017-04-04", "US/Euro Exchange Rate": "1.0664"}, {"DATE": "2017-04-05", "US/Euro Exchange Rate": "1.0661"}, {"DATE": "2017-04-06", "US/Euro Exchange Rate": "1.0651"}, {"DATE": "2017-04-07", "US/Euro Exchange Rate": "1.0616"}, {"DATE": "2017-04-10", "US/Euro Exchange Rate": "1.0606"}, {"DATE": "2017-04-11", "US/Euro Exchange Rate": "1.0614"}, {"DATE": "2017-04-12", "US/Euro Exchange Rate": "1.0611"}, {"DATE": "2017-04-13", "US/Euro Exchange Rate": "1.0630"}, {"DATE": "2017-04-14", "US/Euro Exchange Rate": "1.0625"}, {"DATE": "2017-04-17", "US/Euro Exchange Rate": "1.0660"}, {"DATE": "2017-04-18", "US/Euro Exchange Rate": "1.0706"}, {"DATE": "2017-04-19", "US/Euro Exchange Rate": "1.0707"}, {"DATE": "2017-04-20", "US/Euro Exchange Rate": "1.0758"}, {"DATE": "2017-04-21", "US/Euro Exchange Rate": "1.0694"}, {"DATE": "2017-04-24", "US/Euro Exchange Rate": "1.0846"}, {"DATE": "2017-04-25", "US/Euro Exchange Rate": "1.0941"}, {"DATE": "2017-04-26", "US/Euro Exchange Rate": "1.0872"}, {"DATE": "2017-04-27", "US/Euro Exchange Rate": "1.0864"}, {"DATE": "2017-04-28", "US/Euro Exchange Rate": "1.0895"}, {"DATE": "2017-05-01", "US/Euro Exchange Rate": "1.0912"}, {"DATE": "2017-05-02", "US/Euro Exchange Rate": "1.0910"}, {"DATE": "2017-05-03", "US/Euro Exchange Rate": "1.0920"}, {"DATE": "2017-05-04", "US/Euro Exchange Rate": "1.0967"}, {"DATE": "2017-05-05", "US/Euro Exchange Rate": "1.0996"}, {"DATE": "2017-05-08", "US/Euro Exchange Rate": "1.0928"}, {"DATE": "2017-05-09", "US/Euro Exchange Rate": "1.0875"}, {"DATE": "2017-05-10", "US/Euro Exchange Rate": "1.0873"}, {"DATE": "2017-05-11", "US/Euro Exchange Rate": "1.0869"}, {"DATE": "2017-05-12", "US/Euro Exchange Rate": "1.0926"}, {"DATE": "2017-05-15", "US/Euro Exchange Rate": "1.0979"}, {"DATE": "2017-05-16", "US/Euro Exchange Rate": "1.1072"}, {"DATE": "2017-05-17", "US/Euro Exchange Rate": "1.1134"}, {"DATE": "2017-05-18", "US/Euro Exchange Rate": "1.1130"}, {"DATE": "2017-05-19", "US/Euro Exchange Rate": "1.1190"}, {"DATE": "2017-05-22", "US/Euro Exchange Rate": "1.1236"}, {"DATE": "2017-05-23", "US/Euro Exchange Rate": "1.1198"}, {"DATE": "2017-05-24", "US/Euro Exchange Rate": "1.1175"}, {"DATE": "2017-05-25", "US/Euro Exchange Rate": "1.1218"}, {"DATE": "2017-05-26", "US/Euro Exchange Rate": "1.1170"}, {"DATE": "2017-05-29", "US/Euro Exchange Rate": "."}, {"DATE": "2017-05-30", "US/Euro Exchange Rate": "1.1183"}, {"DATE": "2017-05-31", "US/Euro Exchange Rate": "1.1236"}, {"DATE": "2017-06-01", "US/Euro Exchange Rate": "1.1214"}, {"DATE": "2017-06-02", "US/Euro Exchange Rate": "1.1270"}, {"DATE": "2017-06-05", "US/Euro Exchange Rate": "1.1250"}, {"DATE": "2017-06-06", "US/Euro Exchange Rate": "1.1266"}, {"DATE": "2017-06-07", "US/Euro Exchange Rate": "1.1236"}, {"DATE": "2017-06-08", "US/Euro Exchange Rate": "1.1217"}, {"DATE": "2017-06-09", "US/Euro Exchange Rate": "1.1190"}, {"DATE": "2017-06-12", "US/Euro Exchange Rate": "1.1204"}, {"DATE": "2017-06-13", "US/Euro Exchange Rate": "1.1194"}, {"DATE": "2017-06-14", "US/Euro Exchange Rate": "1.1277"}, {"DATE": "2017-06-15", "US/Euro Exchange Rate": "1.1152"}, {"DATE": "2017-06-16", "US/Euro Exchange Rate": "1.1194"}, {"DATE": "2017-06-19", "US/Euro Exchange Rate": "1.1160"}, {"DATE": "2017-06-20", "US/Euro Exchange Rate": "1.1124"}, {"DATE": "2017-06-21", "US/Euro Exchange Rate": "1.1143"}, {"DATE": "2017-06-22", "US/Euro Exchange Rate": "1.1148"}, {"DATE": "2017-06-23", "US/Euro Exchange Rate": "1.1196"}, {"DATE": "2017-06-26", "US/Euro Exchange Rate": "1.1196"}, {"DATE": "2017-06-27", "US/Euro Exchange Rate": "1.1300"}, {"DATE": "2017-06-28", "US/Euro Exchange Rate": "1.1364"}, {"DATE": "2017-06-29", "US/Euro Exchange Rate": "1.1420"}, {"DATE": "2017-06-30", "US/Euro Exchange Rate": "1.1411"}, {"DATE": "2017-07-03", "US/Euro Exchange Rate": "1.1367"}, {"DATE": "2017-07-04", "US/Euro Exchange Rate": "."}, {"DATE": "2017-07-05", "US/Euro Exchange Rate": "1.1336"}, {"DATE": "2017-07-06", "US/Euro Exchange Rate": "1.1409"}, {"DATE": "2017-07-07", "US/Euro Exchange Rate": "1.1396"}, {"DATE": "2017-07-10", "US/Euro Exchange Rate": "1.1396"}, {"DATE": "2017-07-11", "US/Euro Exchange Rate": "1.1430"}, {"DATE": "2017-07-12", "US/Euro Exchange Rate": "1.1411"}, {"DATE": "2017-07-13", "US/Euro Exchange Rate": "1.1385"}, {"DATE": "2017-07-14", "US/Euro Exchange Rate": "1.1452"}, {"DATE": "2017-07-17", "US/Euro Exchange Rate": "1.1470"}, {"DATE": "2017-07-18", "US/Euro Exchange Rate": "1.1578"}, {"DATE": "2017-07-19", "US/Euro Exchange Rate": "1.1518"}, {"DATE": "2017-07-20", "US/Euro Exchange Rate": "1.1634"}, {"DATE": "2017-07-21", "US/Euro Exchange Rate": "1.1655"}, {"DATE": "2017-07-24", "US/Euro Exchange Rate": "1.1642"}, {"DATE": "2017-07-25", "US/Euro Exchange Rate": "1.1656"}, {"DATE": "2017-07-26", "US/Euro Exchange Rate": "1.1632"}, {"DATE": "2017-07-27", "US/Euro Exchange Rate": "1.1656"}, {"DATE": "2017-07-28", "US/Euro Exchange Rate": "1.1754"}, {"DATE": "2017-07-31", "US/Euro Exchange Rate": "1.1826"}, {"DATE": "2017-08-01", "US/Euro Exchange Rate": "1.1799"}, {"DATE": "2017-08-02", "US/Euro Exchange Rate": "1.1861"}, {"DATE": "2017-08-03", "US/Euro Exchange Rate": "1.1880"}, {"DATE": "2017-08-04", "US/Euro Exchange Rate": "1.1754"}, {"DATE": "2017-08-07", "US/Euro Exchange Rate": "1.1788"}, {"DATE": "2017-08-08", "US/Euro Exchange Rate": "1.1724"}, {"DATE": "2017-08-09", "US/Euro Exchange Rate": "1.1748"}, {"DATE": "2017-08-10", "US/Euro Exchange Rate": "1.1751"}, {"DATE": "2017-08-11", "US/Euro Exchange Rate": "1.1811"}, {"DATE": "2017-08-14", "US/Euro Exchange Rate": "1.1786"}, {"DATE": "2017-08-15", "US/Euro Exchange Rate": "1.1736"}, {"DATE": "2017-08-16", "US/Euro Exchange Rate": "1.1703"}, {"DATE": "2017-08-17", "US/Euro Exchange Rate": "1.1736"}, {"DATE": "2017-08-18", "US/Euro Exchange Rate": "1.1748"}, {"DATE": "2017-08-21", "US/Euro Exchange Rate": "1.1814"}, {"DATE": "2017-08-22", "US/Euro Exchange Rate": "1.1762"}, {"DATE": "2017-08-23", "US/Euro Exchange Rate": "1.1802"}, {"DATE": "2017-08-24", "US/Euro Exchange Rate": "1.1801"}, {"DATE": "2017-08-25", "US/Euro Exchange Rate": "1.1874"}, {"DATE": "2017-08-28", "US/Euro Exchange Rate": "1.1973"}, {"DATE": "2017-08-29", "US/Euro Exchange Rate": "1.2025"}, {"DATE": "2017-08-30", "US/Euro Exchange Rate": "1.1927"}, {"DATE": "2017-08-31", "US/Euro Exchange Rate": "1.1894"}, {"DATE": "2017-09-01", "US/Euro Exchange Rate": "1.1878"}, {"DATE": "2017-09-04", "US/Euro Exchange Rate": "."}, {"DATE": "2017-09-05", "US/Euro Exchange Rate": "1.1911"}, {"DATE": "2017-09-06", "US/Euro Exchange Rate": "1.1943"}, {"DATE": "2017-09-07", "US/Euro Exchange Rate": "1.2028"}, {"DATE": "2017-09-08", "US/Euro Exchange Rate": "1.2041"}, {"DATE": "2017-09-11", "US/Euro Exchange Rate": "1.1964"}, {"DATE": "2017-09-12", "US/Euro Exchange Rate": "1.1968"}, {"DATE": "2017-09-13", "US/Euro Exchange Rate": "1.1898"}, {"DATE": "2017-09-14", "US/Euro Exchange Rate": "1.1886"}, {"DATE": "2017-09-15", "US/Euro Exchange Rate": "1.1959"}, {"DATE": "2017-09-18", "US/Euro Exchange Rate": "1.1938"}, {"DATE": "2017-09-19", "US/Euro Exchange Rate": "1.1980"}, {"DATE": "2017-09-20", "US/Euro Exchange Rate": "1.1998"}, {"DATE": "2017-09-21", "US/Euro Exchange Rate": "1.1946"}, {"DATE": "2017-09-22", "US/Euro Exchange Rate": "1.1969"}, {"DATE": "2017-09-25", "US/Euro Exchange Rate": "1.1852"}, {"DATE": "2017-09-26", "US/Euro Exchange Rate": "1.1772"}, {"DATE": "2017-09-27", "US/Euro Exchange Rate": "1.1747"}, {"DATE": "2017-09-28", "US/Euro Exchange Rate": "1.1776"}, {"DATE": "2017-09-29", "US/Euro Exchange Rate": "1.1813"}, {"DATE": "2017-10-02", "US/Euro Exchange Rate": "1.1745"}, {"DATE": "2017-10-03", "US/Euro Exchange Rate": "1.1759"}, {"DATE": "2017-10-04", "US/Euro Exchange Rate": "1.1760"}, {"DATE": "2017-10-05", "US/Euro Exchange Rate": "1.1706"}, {"DATE": "2017-10-06", "US/Euro Exchange Rate": "1.1732"}, {"DATE": "2017-10-09", "US/Euro Exchange Rate": "."}, {"DATE": "2017-10-10", "US/Euro Exchange Rate": "1.1804"}, {"DATE": "2017-10-11", "US/Euro Exchange Rate": "1.1847"}, {"DATE": "2017-10-12", "US/Euro Exchange Rate": "1.1840"}, {"DATE": "2017-10-13", "US/Euro Exchange Rate": "1.1837"}, {"DATE": "2017-10-16", "US/Euro Exchange Rate": "1.1810"}, {"DATE": "2017-10-17", "US/Euro Exchange Rate": "1.1754"}, {"DATE": "2017-10-18", "US/Euro Exchange Rate": "1.1775"}, {"DATE": "2017-10-19", "US/Euro Exchange Rate": "1.1842"}, {"DATE": "2017-10-20", "US/Euro Exchange Rate": "1.1770"}, {"DATE": "2017-10-23", "US/Euro Exchange Rate": "1.1762"}, {"DATE": "2017-10-24", "US/Euro Exchange Rate": "1.1766"}, {"DATE": "2017-10-25", "US/Euro Exchange Rate": "1.1802"}, {"DATE": "2017-10-26", "US/Euro Exchange Rate": "1.1700"}, {"DATE": "2017-10-27", "US/Euro Exchange Rate": "1.1580"}, {"DATE": "2017-10-30", "US/Euro Exchange Rate": "1.1626"}, {"DATE": "2017-10-31", "US/Euro Exchange Rate": "1.1648"}, {"DATE": "2017-11-01", "US/Euro Exchange Rate": "1.1618"}, {"DATE": "2017-11-02", "US/Euro Exchange Rate": "1.1672"}, {"DATE": "2017-11-03", "US/Euro Exchange Rate": "1.1616"}, {"DATE": "2017-11-06", "US/Euro Exchange Rate": "1.1600"}, {"DATE": "2017-11-07", "US/Euro Exchange Rate": "1.1577"}, {"DATE": "2017-11-08", "US/Euro Exchange Rate": "1.1591"}, {"DATE": "2017-11-09", "US/Euro Exchange Rate": "1.1648"}, {"DATE": "2017-11-10", "US/Euro Exchange Rate": "."}, {"DATE": "2017-11-13", "US/Euro Exchange Rate": "1.1656"}, {"DATE": "2017-11-14", "US/Euro Exchange Rate": "1.1764"}, {"DATE": "2017-11-15", "US/Euro Exchange Rate": "1.1794"}, {"DATE": "2017-11-16", "US/Euro Exchange Rate": "1.1772"}, {"DATE": "2017-11-17", "US/Euro Exchange Rate": "1.1799"}, {"DATE": "2017-11-20", "US/Euro Exchange Rate": "1.1741"}, {"DATE": "2017-11-21", "US/Euro Exchange Rate": "1.1741"}, {"DATE": "2017-11-22", "US/Euro Exchange Rate": "1.1789"}, {"DATE": "2017-11-23", "US/Euro Exchange Rate": "."}, {"DATE": "2017-11-24", "US/Euro Exchange Rate": "1.1936"}, {"DATE": "2017-11-27", "US/Euro Exchange Rate": "1.1911"}, {"DATE": "2017-11-28", "US/Euro Exchange Rate": "1.1878"}, {"DATE": "2017-11-29", "US/Euro Exchange Rate": "1.1858"}, {"DATE": "2017-11-30", "US/Euro Exchange Rate": "1.1898"}, {"DATE": "2017-12-01", "US/Euro Exchange Rate": "1.1910"}, {"DATE": "2017-12-04", "US/Euro Exchange Rate": "1.1848"}, {"DATE": "2017-12-05", "US/Euro Exchange Rate": "1.1820"}, {"DATE": "2017-12-06", "US/Euro Exchange Rate": "1.1788"}, {"DATE": "2017-12-07", "US/Euro Exchange Rate": "1.1790"}, {"DATE": "2017-12-08", "US/Euro Exchange Rate": "1.1761"}, {"DATE": "2017-12-11", "US/Euro Exchange Rate": "1.1802"}, {"DATE": "2017-12-12", "US/Euro Exchange Rate": "1.1725"}, {"DATE": "2017-12-13", "US/Euro Exchange Rate": "1.1762"}, {"DATE": "2017-12-14", "US/Euro Exchange Rate": "1.1778"}, {"DATE": "2017-12-15", "US/Euro Exchange Rate": "1.1778"}, {"DATE": "2017-12-18", "US/Euro Exchange Rate": "1.1804"}, {"DATE": "2017-12-19", "US/Euro Exchange Rate": "1.1822"}, {"DATE": "2017-12-20", "US/Euro Exchange Rate": "1.1881"}, {"DATE": "2017-12-21", "US/Euro Exchange Rate": "1.1872"}, {"DATE": "2017-12-22", "US/Euro Exchange Rate": "1.1839"}, {"DATE": "2017-12-25", "US/Euro Exchange Rate": "."}, {"DATE": "2017-12-26", "US/Euro Exchange Rate": "1.1867"}, {"DATE": "2017-12-27", "US/Euro Exchange Rate": "1.1902"}, {"DATE": "2017-12-28", "US/Euro Exchange Rate": "1.1952"}, {"DATE": "2017-12-29", "US/Euro Exchange Rate": "1.2022"}, {"DATE": "2018-01-01", "US/Euro Exchange Rate": "."}, {"DATE": "2018-01-02", "US/Euro Exchange Rate": "1.2050"}, {"DATE": "2018-01-03", "US/Euro Exchange Rate": "1.2030"}, {"DATE": "2018-01-04", "US/Euro Exchange Rate": "1.2064"}, {"DATE": "2018-01-05", "US/Euro Exchange Rate": "1.2039"}, {"DATE": "2018-01-08", "US/Euro Exchange Rate": "1.1973"}, {"DATE": "2018-01-09", "US/Euro Exchange Rate": "1.1922"}, {"DATE": "2018-01-10", "US/Euro Exchange Rate": "1.1958"}, {"DATE": "2018-01-11", "US/Euro Exchange Rate": "1.2035"}, {"DATE": "2018-01-12", "US/Euro Exchange Rate": "1.2130"}, {"DATE": "2018-01-15", "US/Euro Exchange Rate": "."}, {"DATE": "2018-01-16", "US/Euro Exchange Rate": "1.2244"}, {"DATE": "2018-01-17", "US/Euro Exchange Rate": "1.2229"}, {"DATE": "2018-01-18", "US/Euro Exchange Rate": "1.2238"}, {"DATE": "2018-01-19", "US/Euro Exchange Rate": "1.2238"}, {"DATE": "2018-01-22", "US/Euro Exchange Rate": "1.2230"}, {"DATE": "2018-01-23", "US/Euro Exchange Rate": "1.2277"}, {"DATE": "2018-01-24", "US/Euro Exchange Rate": "1.2390"}, {"DATE": "2018-01-25", "US/Euro Exchange Rate": "1.2488"}, {"DATE": "2018-01-26", "US/Euro Exchange Rate": "1.2422"}, {"DATE": "2018-01-29", "US/Euro Exchange Rate": "1.2352"}, {"DATE": "2018-01-30", "US/Euro Exchange Rate": "1.2390"}, {"DATE": "2018-01-31", "US/Euro Exchange Rate": "1.2428"}, {"DATE": "2018-02-01", "US/Euro Exchange Rate": "1.2482"}, {"DATE": "2018-02-02", "US/Euro Exchange Rate": "1.2446"}, {"DATE": "2018-02-05", "US/Euro Exchange Rate": "1.2418"}, {"DATE": "2018-02-06", "US/Euro Exchange Rate": "1.2381"}, {"DATE": "2018-02-07", "US/Euro Exchange Rate": "1.2281"}, {"DATE": "2018-02-08", "US/Euro Exchange Rate": "1.2238"}, {"DATE": "2018-02-09", "US/Euro Exchange Rate": "1.2226"}, {"DATE": "2018-02-12", "US/Euro Exchange Rate": "1.2267"}, {"DATE": "2018-02-13", "US/Euro Exchange Rate": "1.2363"}, {"DATE": "2018-02-14", "US/Euro Exchange Rate": "1.2396"}, {"DATE": "2018-02-15", "US/Euro Exchange Rate": "1.2482"}, {"DATE": "2018-02-16", "US/Euro Exchange Rate": "1.2442"}, {"DATE": "2018-02-19", "US/Euro Exchange Rate": "."}, {"DATE": "2018-02-20", "US/Euro Exchange Rate": "1.2348"}, {"DATE": "2018-02-21", "US/Euro Exchange Rate": "1.2314"}, {"DATE": "2018-02-22", "US/Euro Exchange Rate": "1.2326"}, {"DATE": "2018-02-23", "US/Euro Exchange Rate": "1.2298"}, {"DATE": "2018-02-26", "US/Euro Exchange Rate": "1.2296"}, {"DATE": "2018-02-27", "US/Euro Exchange Rate": "1.2239"}, {"DATE": "2018-02-28", "US/Euro Exchange Rate": "1.2211"}, {"DATE": "2018-03-01", "US/Euro Exchange Rate": "1.2216"}, {"DATE": "2018-03-02", "US/Euro Exchange Rate": "1.2314"}, {"DATE": "2018-03-05", "US/Euro Exchange Rate": "1.233"}, {"DATE": "2018-03-06", "US/Euro Exchange Rate": "1.2415"}, {"DATE": "2018-03-07", "US/Euro Exchange Rate": "1.2397"}, {"DATE": "2018-03-08", "US/Euro Exchange Rate": "1.2314"}, {"DATE": "2018-03-09", "US/Euro Exchange Rate": "1.2326"}, {"DATE": "2018-03-12", "US/Euro Exchange Rate": "1.2318"}, {"DATE": "2018-03-13", "US/Euro Exchange Rate": "1.2398"}, {"DATE": "2018-03-14", "US/Euro Exchange Rate": "1.2362"}, {"DATE": "2018-03-15", "US/Euro Exchange Rate": "1.2321"}, {"DATE": "2018-03-16", "US/Euro Exchange Rate": "1.228"}, {"DATE": "2018-03-19", "US/Euro Exchange Rate": "1.2329"}, {"DATE": "2018-03-20", "US/Euro Exchange Rate": "1.2271"}, {"DATE": "2018-03-21", "US/Euro Exchange Rate": "1.2268"}, {"DATE": "2018-03-22", "US/Euro Exchange Rate": "1.231"}, {"DATE": "2018-03-23", "US/Euro Exchange Rate": "1.236"}, {"DATE": "2018-03-26", "US/Euro Exchange Rate": "1.244"}, {"DATE": "2018-03-27", "US/Euro Exchange Rate": "1.241"}, {"DATE": "2018-03-28", "US/Euro Exchange Rate": "1.2351"}, {"DATE": "2018-03-29", "US/Euro Exchange Rate": "1.2297"}, {"DATE": "2018-03-30", "US/Euro Exchange Rate": "1.232"}, {"DATE": "2018-04-02", "US/Euro Exchange Rate": "1.2288"}, {"DATE": "2018-04-03", "US/Euro Exchange Rate": "1.2261"}, {"DATE": "2018-04-04", "US/Euro Exchange Rate": "1.2292"}, {"DATE": "2018-04-05", "US/Euro Exchange Rate": "1.223"}, {"DATE": "2018-04-06", "US/Euro Exchange Rate": "1.2274"}, {"DATE": "2018-04-09", "US/Euro Exchange Rate": "1.232"}, {"DATE": "2018-04-10", "US/Euro Exchange Rate": "1.2338"}, {"DATE": "2018-04-11", "US/Euro Exchange Rate": "1.2384"}, {"DATE": "2018-04-12", "US/Euro Exchange Rate": "1.232"}, {"DATE": "2018-04-13", "US/Euro Exchange Rate": "1.2322"}, {"DATE": "2018-04-16", "US/Euro Exchange Rate": "1.2373"}, {"DATE": "2018-04-17", "US/Euro Exchange Rate": "1.2345"}, {"DATE": "2018-04-18", "US/Euro Exchange Rate": "1.238"}, {"DATE": "2018-04-19", "US/Euro Exchange Rate": "1.2336"}, {"DATE": "2018-04-20", "US/Euro Exchange Rate": "1.2282"}, {"DATE": "2018-04-23", "US/Euro Exchange Rate": "1.2216"}, {"DATE": "2018-04-24", "US/Euro Exchange Rate": "1.2226"}, {"DATE": "2018-04-25", "US/Euro Exchange Rate": "1.2178"}, {"DATE": "2018-04-26", "US/Euro Exchange Rate": "1.2113"}, {"DATE": "2018-04-27", "US/Euro Exchange Rate": "1.2108"}, {"DATE": "2018-04-30", "US/Euro Exchange Rate": "1.2074"}, {"DATE": "2018-05-01", "US/Euro Exchange Rate": "1.2"}, {"DATE": "2018-05-02", "US/Euro Exchange Rate": "1.1968"}, {"DATE": "2018-05-03", "US/Euro Exchange Rate": "1.197"}, {"DATE": "2018-05-04", "US/Euro Exchange Rate": "1.1946"}, {"DATE": "2018-05-07", "US/Euro Exchange Rate": "1.1927"}, {"DATE": "2018-05-08", "US/Euro Exchange Rate": "1.1863"}, {"DATE": "2018-05-09", "US/Euro Exchange Rate": "1.1852"}, {"DATE": "2018-05-10", "US/Euro Exchange Rate": "1.1896"}, {"DATE": "2018-05-11", "US/Euro Exchange Rate": "1.1951"}, {"DATE": "2018-05-14", "US/Euro Exchange Rate": "1.1976"}, {"DATE": "2018-05-15", "US/Euro Exchange Rate": "1.1864"}, {"DATE": "2018-05-16", "US/Euro Exchange Rate": "1.1788"}, {"DATE": "2018-05-17", "US/Euro Exchange Rate": "1.1798"}, {"DATE": "2018-05-18", "US/Euro Exchange Rate": "1.1775"}]