[{"DATE": "DATE", "DJIA": "DJIA"}, {"DATE": "2013-05-30", "DJIA": "15324.53"}, {"DATE": "2013-05-31", "DJIA": "15115.57"}, {"DATE": "2013-06-03", "DJIA": "15254.03"}, {"DATE": "2013-06-04", "DJIA": "15177.54"}, {"DATE": "2013-06-05", "DJIA": "14960.59"}, {"DATE": "2013-06-06", "DJIA": "15040.62"}, {"DATE": "2013-06-07", "DJIA": "15248.12"}, {"DATE": "2013-06-10", "DJIA": "15238.59"}, {"DATE": "2013-06-11", "DJIA": "15122.02"}, {"DATE": "2013-06-12", "DJIA": "14995.23"}, {"DATE": "2013-06-13", "DJIA": "15176.08"}, {"DATE": "2013-06-14", "DJIA": "15070.18"}, {"DATE": "2013-06-17", "DJIA": "15179.85"}, {"DATE": "2013-06-18", "DJIA": "15318.23"}, {"DATE": "2013-06-19", "DJIA": "15112.19"}, {"DATE": "2013-06-20", "DJIA": "14758.32"}, {"DATE": "2013-06-21", "DJIA": "14799.40"}, {"DATE": "2013-06-24", "DJIA": "14659.56"}, {"DATE": "2013-06-25", "DJIA": "14760.31"}, {"DATE": "2013-06-26", "DJIA": "14910.14"}, {"DATE": "2013-06-27", "DJIA": "15024.49"}, {"DATE": "2013-06-28", "DJIA": "14909.60"}, {"DATE": "2013-07-01", "DJIA": "14974.96"}, {"DATE": "2013-07-02", "DJIA": "14932.41"}, {"DATE": "2013-07-03", "DJIA": "14988.55"}, {"DATE": "2013-07-04", "DJIA": "."}, {"DATE": "2013-07-05", "DJIA": "15135.84"}, {"DATE": "2013-07-08", "DJIA": "15224.69"}, {"DATE": "2013-07-09", "DJIA": "15300.34"}, {"DATE": "2013-07-10", "DJIA": "15291.66"}, {"DATE": "2013-07-11", "DJIA": "15460.92"}, {"DATE": "2013-07-12", "DJIA": "15464.30"}, {"DATE": "2013-07-15", "DJIA": "15484.26"}, {"DATE": "2013-07-16", "DJIA": "15451.85"}, {"DATE": "2013-07-17", "DJIA": "15470.52"}, {"DATE": "2013-07-18", "DJIA": "15548.54"}, {"DATE": "2013-07-19", "DJIA": "15543.74"}, {"DATE": "2013-07-22", "DJIA": "15545.55"}, {"DATE": "2013-07-23", "DJIA": "15567.74"}, {"DATE": "2013-07-24", "DJIA": "15542.24"}, {"DATE": "2013-07-25", "DJIA": "15555.61"}, {"DATE": "2013-07-26", "DJIA": "15558.83"}, {"DATE": "2013-07-29", "DJIA": "15521.97"}, {"DATE": "2013-07-30", "DJIA": "15520.59"}, {"DATE": "2013-07-31", "DJIA": "15499.54"}, {"DATE": "2013-08-01", "DJIA": "15628.02"}, {"DATE": "2013-08-02", "DJIA": "15658.36"}, {"DATE": "2013-08-05", "DJIA": "15612.13"}, {"DATE": "2013-08-06", "DJIA": "15518.74"}, {"DATE": "2013-08-07", "DJIA": "15470.67"}, {"DATE": "2013-08-08", "DJIA": "15498.32"}, {"DATE": "2013-08-09", "DJIA": "15425.51"}, {"DATE": "2013-08-12", "DJIA": "15419.68"}, {"DATE": "2013-08-13", "DJIA": "15451.01"}, {"DATE": "2013-08-14", "DJIA": "15337.66"}, {"DATE": "2013-08-15", "DJIA": "15112.19"}, {"DATE": "2013-08-16", "DJIA": "15081.47"}, {"DATE": "2013-08-19", "DJIA": "15010.74"}, {"DATE": "2013-08-20", "DJIA": "15002.99"}, {"DATE": "2013-08-21", "DJIA": "14897.55"}, {"DATE": "2013-08-22", "DJIA": "14963.74"}, {"DATE": "2013-08-23", "DJIA": "15010.51"}, {"DATE": "2013-08-26", "DJIA": "14946.46"}, {"DATE": "2013-08-27", "DJIA": "14776.13"}, {"DATE": "2013-08-28", "DJIA": "14824.51"}, {"DATE": "2013-08-29", "DJIA": "14840.95"}, {"DATE": "2013-08-30", "DJIA": "14810.31"}, {"DATE": "2013-09-02", "DJIA": "."}, {"DATE": "2013-09-03", "DJIA": "14833.96"}, {"DATE": "2013-09-04", "DJIA": "14930.87"}, {"DATE": "2013-09-05", "DJIA": "14937.48"}, {"DATE": "2013-09-06", "DJIA": "14922.50"}, {"DATE": "2013-09-09", "DJIA": "15063.12"}, {"DATE": "2013-09-10", "DJIA": "15191.06"}, {"DATE": "2013-09-11", "DJIA": "15326.60"}, {"DATE": "2013-09-12", "DJIA": "15300.64"}, {"DATE": "2013-09-13", "DJIA": "15376.06"}, {"DATE": "2013-09-16", "DJIA": "15494.78"}, {"DATE": "2013-09-17", "DJIA": "15529.73"}, {"DATE": "2013-09-18", "DJIA": "15676.94"}, {"DATE": "2013-09-19", "DJIA": "15636.55"}, {"DATE": "2013-09-20", "DJIA": "15451.09"}, {"DATE": "2013-09-23", "DJIA": "15401.38"}, {"DATE": "2013-09-24", "DJIA": "15334.59"}, {"DATE": "2013-09-25", "DJIA": "15273.26"}, {"DATE": "2013-09-26", "DJIA": "15328.30"}, {"DATE": "2013-09-27", "DJIA": "15258.24"}, {"DATE": "2013-09-30", "DJIA": "15129.67"}, {"DATE": "2013-10-01", "DJIA": "15191.70"}, {"DATE": "2013-10-02", "DJIA": "15133.14"}, {"DATE": "2013-10-03", "DJIA": "14996.48"}, {"DATE": "2013-10-04", "DJIA": "15072.58"}, {"DATE": "2013-10-07", "DJIA": "14936.24"}, {"DATE": "2013-10-08", "DJIA": "14776.53"}, {"DATE": "2013-10-09", "DJIA": "14802.98"}, {"DATE": "2013-10-10", "DJIA": "15126.07"}, {"DATE": "2013-10-11", "DJIA": "15237.11"}, {"DATE": "2013-10-14", "DJIA": "15301.26"}, {"DATE": "2013-10-15", "DJIA": "15168.01"}, {"DATE": "2013-10-16", "DJIA": "15373.83"}, {"DATE": "2013-10-17", "DJIA": "15371.65"}, {"DATE": "2013-10-18", "DJIA": "15399.65"}, {"DATE": "2013-10-21", "DJIA": "15392.20"}, {"DATE": "2013-10-22", "DJIA": "15467.66"}, {"DATE": "2013-10-23", "DJIA": "15413.33"}, {"DATE": "2013-10-24", "DJIA": "15509.21"}, {"DATE": "2013-10-25", "DJIA": "15570.28"}, {"DATE": "2013-10-28", "DJIA": "15568.93"}, {"DATE": "2013-10-29", "DJIA": "15680.35"}, {"DATE": "2013-10-30", "DJIA": "15618.76"}, {"DATE": "2013-10-31", "DJIA": "15545.75"}, {"DATE": "2013-11-01", "DJIA": "15615.55"}, {"DATE": "2013-11-04", "DJIA": "15639.12"}, {"DATE": "2013-11-05", "DJIA": "15618.22"}, {"DATE": "2013-11-06", "DJIA": "15746.88"}, {"DATE": "2013-11-07", "DJIA": "15593.98"}, {"DATE": "2013-11-08", "DJIA": "15761.78"}, {"DATE": "2013-11-11", "DJIA": "15783.10"}, {"DATE": "2013-11-12", "DJIA": "15750.67"}, {"DATE": "2013-11-13", "DJIA": "15821.63"}, {"DATE": "2013-11-14", "DJIA": "15876.22"}, {"DATE": "2013-11-15", "DJIA": "15961.70"}, {"DATE": "2013-11-18", "DJIA": "15976.02"}, {"DATE": "2013-11-19", "DJIA": "15967.03"}, {"DATE": "2013-11-20", "DJIA": "15900.82"}, {"DATE": "2013-11-21", "DJIA": "16009.99"}, {"DATE": "2013-11-22", "DJIA": "16064.77"}, {"DATE": "2013-11-25", "DJIA": "16072.54"}, {"DATE": "2013-11-26", "DJIA": "16072.80"}, {"DATE": "2013-11-27", "DJIA": "16097.33"}, {"DATE": "2013-11-28", "DJIA": "."}, {"DATE": "2013-11-29", "DJIA": "16086.41"}, {"DATE": "2013-12-02", "DJIA": "16008.77"}, {"DATE": "2013-12-03", "DJIA": "15914.62"}, {"DATE": "2013-12-04", "DJIA": "15889.77"}, {"DATE": "2013-12-05", "DJIA": "15821.51"}, {"DATE": "2013-12-06", "DJIA": "16020.20"}, {"DATE": "2013-12-09", "DJIA": "16025.53"}, {"DATE": "2013-12-10", "DJIA": "15973.13"}, {"DATE": "2013-12-11", "DJIA": "15843.53"}, {"DATE": "2013-12-12", "DJIA": "15739.43"}, {"DATE": "2013-12-13", "DJIA": "15755.36"}, {"DATE": "2013-12-16", "DJIA": "15884.57"}, {"DATE": "2013-12-17", "DJIA": "15875.26"}, {"DATE": "2013-12-18", "DJIA": "16167.97"}, {"DATE": "2013-12-19", "DJIA": "16179.08"}, {"DATE": "2013-12-20", "DJIA": "16221.14"}, {"DATE": "2013-12-23", "DJIA": "16294.61"}, {"DATE": "2013-12-24", "DJIA": "16357.55"}, {"DATE": "2013-12-25", "DJIA": "."}, {"DATE": "2013-12-26", "DJIA": "16479.88"}, {"DATE": "2013-12-27", "DJIA": "16478.41"}, {"DATE": "2013-12-30", "DJIA": "16504.29"}, {"DATE": "2013-12-31", "DJIA": "16576.66"}, {"DATE": "2014-01-01", "DJIA": "."}, {"DATE": "2014-01-02", "DJIA": "16441.35"}, {"DATE": "2014-01-03", "DJIA": "16469.99"}, {"DATE": "2014-01-06", "DJIA": "16425.10"}, {"DATE": "2014-01-07", "DJIA": "16530.94"}, {"DATE": "2014-01-08", "DJIA": "16462.74"}, {"DATE": "2014-01-09", "DJIA": "16444.76"}, {"DATE": "2014-01-10", "DJIA": "16437.05"}, {"DATE": "2014-01-13", "DJIA": "16257.94"}, {"DATE": "2014-01-14", "DJIA": "16373.86"}, {"DATE": "2014-01-15", "DJIA": "16481.94"}, {"DATE": "2014-01-16", "DJIA": "16417.01"}, {"DATE": "2014-01-17", "DJIA": "16458.56"}, {"DATE": "2014-01-20", "DJIA": "."}, {"DATE": "2014-01-21", "DJIA": "16414.44"}, {"DATE": "2014-01-22", "DJIA": "16373.34"}, {"DATE": "2014-01-23", "DJIA": "16197.35"}, {"DATE": "2014-01-24", "DJIA": "15879.11"}, {"DATE": "2014-01-27", "DJIA": "15837.88"}, {"DATE": "2014-01-28", "DJIA": "15928.56"}, {"DATE": "2014-01-29", "DJIA": "15738.79"}, {"DATE": "2014-01-30", "DJIA": "15848.61"}, {"DATE": "2014-01-31", "DJIA": "15698.85"}, {"DATE": "2014-02-03", "DJIA": "15372.80"}, {"DATE": "2014-02-04", "DJIA": "15445.24"}, {"DATE": "2014-02-05", "DJIA": "15440.23"}, {"DATE": "2014-02-06", "DJIA": "15628.53"}, {"DATE": "2014-02-07", "DJIA": "15794.08"}, {"DATE": "2014-02-10", "DJIA": "15801.79"}, {"DATE": "2014-02-11", "DJIA": "15994.77"}, {"DATE": "2014-02-12", "DJIA": "15963.94"}, {"DATE": "2014-02-13", "DJIA": "16027.59"}, {"DATE": "2014-02-14", "DJIA": "16154.39"}, {"DATE": "2014-02-17", "DJIA": "."}, {"DATE": "2014-02-18", "DJIA": "16130.40"}, {"DATE": "2014-02-19", "DJIA": "16040.56"}, {"DATE": "2014-02-20", "DJIA": "16133.23"}, {"DATE": "2014-02-21", "DJIA": "16103.30"}, {"DATE": "2014-02-24", "DJIA": "16207.14"}, {"DATE": "2014-02-25", "DJIA": "16179.66"}, {"DATE": "2014-02-26", "DJIA": "16198.41"}, {"DATE": "2014-02-27", "DJIA": "16272.65"}, {"DATE": "2014-02-28", "DJIA": "16321.71"}, {"DATE": "2014-03-03", "DJIA": "16168.03"}, {"DATE": "2014-03-04", "DJIA": "16395.88"}, {"DATE": "2014-03-05", "DJIA": "16360.18"}, {"DATE": "2014-03-06", "DJIA": "16421.89"}, {"DATE": "2014-03-07", "DJIA": "16452.72"}, {"DATE": "2014-03-10", "DJIA": "16418.68"}, {"DATE": "2014-03-11", "DJIA": "16351.25"}, {"DATE": "2014-03-12", "DJIA": "16340.08"}, {"DATE": "2014-03-13", "DJIA": "16108.89"}, {"DATE": "2014-03-14", "DJIA": "16065.67"}, {"DATE": "2014-03-17", "DJIA": "16247.22"}, {"DATE": "2014-03-18", "DJIA": "16336.19"}, {"DATE": "2014-03-19", "DJIA": "16222.17"}, {"DATE": "2014-03-20", "DJIA": "16331.05"}, {"DATE": "2014-03-21", "DJIA": "16302.77"}, {"DATE": "2014-03-24", "DJIA": "16276.69"}, {"DATE": "2014-03-25", "DJIA": "16367.88"}, {"DATE": "2014-03-26", "DJIA": "16268.99"}, {"DATE": "2014-03-27", "DJIA": "16264.23"}, {"DATE": "2014-03-28", "DJIA": "16323.06"}, {"DATE": "2014-03-31", "DJIA": "16457.66"}, {"DATE": "2014-04-01", "DJIA": "16532.61"}, {"DATE": "2014-04-02", "DJIA": "16573.00"}, {"DATE": "2014-04-03", "DJIA": "16572.55"}, {"DATE": "2014-04-04", "DJIA": "16412.71"}, {"DATE": "2014-04-07", "DJIA": "16245.87"}, {"DATE": "2014-04-08", "DJIA": "16256.14"}, {"DATE": "2014-04-09", "DJIA": "16437.18"}, {"DATE": "2014-04-10", "DJIA": "16170.22"}, {"DATE": "2014-04-11", "DJIA": "16026.75"}, {"DATE": "2014-04-14", "DJIA": "16173.24"}, {"DATE": "2014-04-15", "DJIA": "16262.56"}, {"DATE": "2014-04-16", "DJIA": "16424.85"}, {"DATE": "2014-04-17", "DJIA": "16408.54"}, {"DATE": "2014-04-18", "DJIA": "."}, {"DATE": "2014-04-21", "DJIA": "16449.25"}, {"DATE": "2014-04-22", "DJIA": "16514.37"}, {"DATE": "2014-04-23", "DJIA": "16501.65"}, {"DATE": "2014-04-24", "DJIA": "16501.65"}, {"DATE": "2014-04-25", "DJIA": "16361.46"}, {"DATE": "2014-04-28", "DJIA": "16448.74"}, {"DATE": "2014-04-29", "DJIA": "16535.37"}, {"DATE": "2014-04-30", "DJIA": "16580.84"}, {"DATE": "2014-05-01", "DJIA": "16558.87"}, {"DATE": "2014-05-02", "DJIA": "16512.89"}, {"DATE": "2014-05-05", "DJIA": "16530.55"}, {"DATE": "2014-05-06", "DJIA": "16401.02"}, {"DATE": "2014-05-07", "DJIA": "16518.54"}, {"DATE": "2014-05-08", "DJIA": "16550.97"}, {"DATE": "2014-05-09", "DJIA": "16583.34"}, {"DATE": "2014-05-12", "DJIA": "16695.47"}, {"DATE": "2014-05-13", "DJIA": "16715.44"}, {"DATE": "2014-05-14", "DJIA": "16613.97"}, {"DATE": "2014-05-15", "DJIA": "16446.81"}, {"DATE": "2014-05-16", "DJIA": "16491.31"}, {"DATE": "2014-05-19", "DJIA": "16511.86"}, {"DATE": "2014-05-20", "DJIA": "16374.31"}, {"DATE": "2014-05-21", "DJIA": "16533.06"}, {"DATE": "2014-05-22", "DJIA": "16543.08"}, {"DATE": "2014-05-23", "DJIA": "16606.27"}, {"DATE": "2014-05-26", "DJIA": "."}, {"DATE": "2014-05-27", "DJIA": "16675.50"}, {"DATE": "2014-05-28", "DJIA": "16633.18"}, {"DATE": "2014-05-29", "DJIA": "16698.74"}, {"DATE": "2014-05-30", "DJIA": "16717.17"}, {"DATE": "2014-06-02", "DJIA": "16743.63"}, {"DATE": "2014-06-03", "DJIA": "16722.34"}, {"DATE": "2014-06-04", "DJIA": "16737.53"}, {"DATE": "2014-06-05", "DJIA": "16836.11"}, {"DATE": "2014-06-06", "DJIA": "16924.28"}, {"DATE": "2014-06-09", "DJIA": "16943.10"}, {"DATE": "2014-06-10", "DJIA": "16945.92"}, {"DATE": "2014-06-11", "DJIA": "16843.88"}, {"DATE": "2014-06-12", "DJIA": "16734.19"}, {"DATE": "2014-06-13", "DJIA": "16775.74"}, {"DATE": "2014-06-16", "DJIA": "16781.01"}, {"DATE": "2014-06-17", "DJIA": "16808.49"}, {"DATE": "2014-06-18", "DJIA": "16906.62"}, {"DATE": "2014-06-19", "DJIA": "16921.46"}, {"DATE": "2014-06-20", "DJIA": "16947.08"}, {"DATE": "2014-06-23", "DJIA": "16937.26"}, {"DATE": "2014-06-24", "DJIA": "16818.13"}, {"DATE": "2014-06-25", "DJIA": "16867.51"}, {"DATE": "2014-06-26", "DJIA": "16846.13"}, {"DATE": "2014-06-27", "DJIA": "16851.84"}, {"DATE": "2014-06-30", "DJIA": "16826.60"}, {"DATE": "2014-07-01", "DJIA": "16956.07"}, {"DATE": "2014-07-02", "DJIA": "16976.24"}, {"DATE": "2014-07-03", "DJIA": "17068.26"}, {"DATE": "2014-07-04", "DJIA": "."}, {"DATE": "2014-07-07", "DJIA": "17024.21"}, {"DATE": "2014-07-08", "DJIA": "16906.62"}, {"DATE": "2014-07-09", "DJIA": "16985.61"}, {"DATE": "2014-07-10", "DJIA": "16915.07"}, {"DATE": "2014-07-11", "DJIA": "16943.81"}, {"DATE": "2014-07-14", "DJIA": "17055.42"}, {"DATE": "2014-07-15", "DJIA": "17060.68"}, {"DATE": "2014-07-16", "DJIA": "17138.20"}, {"DATE": "2014-07-17", "DJIA": "16976.81"}, {"DATE": "2014-07-18", "DJIA": "17100.18"}, {"DATE": "2014-07-21", "DJIA": "17051.73"}, {"DATE": "2014-07-22", "DJIA": "17113.54"}, {"DATE": "2014-07-23", "DJIA": "17086.63"}, {"DATE": "2014-07-24", "DJIA": "17083.80"}, {"DATE": "2014-07-25", "DJIA": "16960.57"}, {"DATE": "2014-07-28", "DJIA": "16982.59"}, {"DATE": "2014-07-29", "DJIA": "16912.11"}, {"DATE": "2014-07-30", "DJIA": "16880.36"}, {"DATE": "2014-07-31", "DJIA": "16563.30"}, {"DATE": "2014-08-01", "DJIA": "16493.37"}, {"DATE": "2014-08-04", "DJIA": "16569.28"}, {"DATE": "2014-08-05", "DJIA": "16429.47"}, {"DATE": "2014-08-06", "DJIA": "16443.34"}, {"DATE": "2014-08-07", "DJIA": "16368.27"}, {"DATE": "2014-08-08", "DJIA": "16553.93"}, {"DATE": "2014-08-11", "DJIA": "16569.98"}, {"DATE": "2014-08-12", "DJIA": "16560.54"}, {"DATE": "2014-08-13", "DJIA": "16651.80"}, {"DATE": "2014-08-14", "DJIA": "16713.58"}, {"DATE": "2014-08-15", "DJIA": "16662.91"}, {"DATE": "2014-08-18", "DJIA": "16838.74"}, {"DATE": "2014-08-19", "DJIA": "16919.59"}, {"DATE": "2014-08-20", "DJIA": "16979.13"}, {"DATE": "2014-08-21", "DJIA": "17039.49"}, {"DATE": "2014-08-22", "DJIA": "17001.22"}, {"DATE": "2014-08-25", "DJIA": "17076.87"}, {"DATE": "2014-08-26", "DJIA": "17106.70"}, {"DATE": "2014-08-27", "DJIA": "17122.01"}, {"DATE": "2014-08-28", "DJIA": "17079.57"}, {"DATE": "2014-08-29", "DJIA": "17098.45"}, {"DATE": "2014-09-01", "DJIA": "."}, {"DATE": "2014-09-02", "DJIA": "17067.56"}, {"DATE": "2014-09-03", "DJIA": "17078.28"}, {"DATE": "2014-09-04", "DJIA": "17069.58"}, {"DATE": "2014-09-05", "DJIA": "17137.36"}, {"DATE": "2014-09-08", "DJIA": "17111.42"}, {"DATE": "2014-09-09", "DJIA": "17013.87"}, {"DATE": "2014-09-10", "DJIA": "17068.71"}, {"DATE": "2014-09-11", "DJIA": "17049.00"}, {"DATE": "2014-09-12", "DJIA": "16987.51"}, {"DATE": "2014-09-15", "DJIA": "17031.14"}, {"DATE": "2014-09-16", "DJIA": "17131.97"}, {"DATE": "2014-09-17", "DJIA": "17156.85"}, {"DATE": "2014-09-18", "DJIA": "17265.99"}, {"DATE": "2014-09-19", "DJIA": "17279.74"}, {"DATE": "2014-09-22", "DJIA": "17172.68"}, {"DATE": "2014-09-23", "DJIA": "17055.87"}, {"DATE": "2014-09-24", "DJIA": "17210.06"}, {"DATE": "2014-09-25", "DJIA": "16945.80"}, {"DATE": "2014-09-26", "DJIA": "17113.15"}, {"DATE": "2014-09-29", "DJIA": "17071.22"}, {"DATE": "2014-09-30", "DJIA": "17042.90"}, {"DATE": "2014-10-01", "DJIA": "16804.71"}, {"DATE": "2014-10-02", "DJIA": "16801.05"}, {"DATE": "2014-10-03", "DJIA": "17009.69"}, {"DATE": "2014-10-06", "DJIA": "16991.91"}, {"DATE": "2014-10-07", "DJIA": "16719.39"}, {"DATE": "2014-10-08", "DJIA": "16994.22"}, {"DATE": "2014-10-09", "DJIA": "16659.25"}, {"DATE": "2014-10-10", "DJIA": "16544.10"}, {"DATE": "2014-10-13", "DJIA": "16321.07"}, {"DATE": "2014-10-14", "DJIA": "16315.19"}, {"DATE": "2014-10-15", "DJIA": "16141.74"}, {"DATE": "2014-10-16", "DJIA": "16117.24"}, {"DATE": "2014-10-17", "DJIA": "16380.41"}, {"DATE": "2014-10-20", "DJIA": "16399.67"}, {"DATE": "2014-10-21", "DJIA": "16614.81"}, {"DATE": "2014-10-22", "DJIA": "16461.32"}, {"DATE": "2014-10-23", "DJIA": "16677.90"}, {"DATE": "2014-10-24", "DJIA": "16805.41"}, {"DATE": "2014-10-27", "DJIA": "16817.94"}, {"DATE": "2014-10-28", "DJIA": "17005.75"}, {"DATE": "2014-10-29", "DJIA": "16974.31"}, {"DATE": "2014-10-30", "DJIA": "17195.42"}, {"DATE": "2014-10-31", "DJIA": "17390.52"}, {"DATE": "2014-11-03", "DJIA": "17366.24"}, {"DATE": "2014-11-04", "DJIA": "17383.84"}, {"DATE": "2014-11-05", "DJIA": "17484.53"}, {"DATE": "2014-11-06", "DJIA": "17554.47"}, {"DATE": "2014-11-07", "DJIA": "17573.93"}, {"DATE": "2014-11-10", "DJIA": "17613.74"}, {"DATE": "2014-11-11", "DJIA": "17614.90"}, {"DATE": "2014-11-12", "DJIA": "17612.20"}, {"DATE": "2014-11-13", "DJIA": "17652.79"}, {"DATE": "2014-11-14", "DJIA": "17634.74"}, {"DATE": "2014-11-17", "DJIA": "17647.75"}, {"DATE": "2014-11-18", "DJIA": "17687.82"}, {"DATE": "2014-11-19", "DJIA": "17685.73"}, {"DATE": "2014-11-20", "DJIA": "17719.00"}, {"DATE": "2014-11-21", "DJIA": "17810.06"}, {"DATE": "2014-11-24", "DJIA": "17817.90"}, {"DATE": "2014-11-25", "DJIA": "17814.94"}, {"DATE": "2014-11-26", "DJIA": "17827.75"}, {"DATE": "2014-11-27", "DJIA": "."}, {"DATE": "2014-11-28", "DJIA": "17828.24"}, {"DATE": "2014-12-01", "DJIA": "17776.80"}, {"DATE": "2014-12-02", "DJIA": "17879.55"}, {"DATE": "2014-12-03", "DJIA": "17912.62"}, {"DATE": "2014-12-04", "DJIA": "17900.10"}, {"DATE": "2014-12-05", "DJIA": "17958.79"}, {"DATE": "2014-12-08", "DJIA": "17852.48"}, {"DATE": "2014-12-09", "DJIA": "17801.20"}, {"DATE": "2014-12-10", "DJIA": "17533.15"}, {"DATE": "2014-12-11", "DJIA": "17596.34"}, {"DATE": "2014-12-12", "DJIA": "17280.83"}, {"DATE": "2014-12-15", "DJIA": "17180.84"}, {"DATE": "2014-12-16", "DJIA": "17068.87"}, {"DATE": "2014-12-17", "DJIA": "17356.87"}, {"DATE": "2014-12-18", "DJIA": "17778.15"}, {"DATE": "2014-12-19", "DJIA": "17804.80"}, {"DATE": "2014-12-22", "DJIA": "17959.44"}, {"DATE": "2014-12-23", "DJIA": "18024.17"}, {"DATE": "2014-12-24", "DJIA": "18030.21"}, {"DATE": "2014-12-25", "DJIA": "."}, {"DATE": "2014-12-26", "DJIA": "18053.71"}, {"DATE": "2014-12-29", "DJIA": "18038.23"}, {"DATE": "2014-12-30", "DJIA": "17983.07"}, {"DATE": "2014-12-31", "DJIA": "17823.07"}, {"DATE": "2015-01-01", "DJIA": "."}, {"DATE": "2015-01-02", "DJIA": "17832.99"}, {"DATE": "2015-01-05", "DJIA": "17501.65"}, {"DATE": "2015-01-06", "DJIA": "17371.64"}, {"DATE": "2015-01-07", "DJIA": "17584.52"}, {"DATE": "2015-01-08", "DJIA": "17907.87"}, {"DATE": "2015-01-09", "DJIA": "17737.37"}, {"DATE": "2015-01-12", "DJIA": "17640.84"}, {"DATE": "2015-01-13", "DJIA": "17613.68"}, {"DATE": "2015-01-14", "DJIA": "17427.09"}, {"DATE": "2015-01-15", "DJIA": "17320.71"}, {"DATE": "2015-01-16", "DJIA": "17511.57"}, {"DATE": "2015-01-19", "DJIA": "."}, {"DATE": "2015-01-20", "DJIA": "17515.23"}, {"DATE": "2015-01-21", "DJIA": "17554.28"}, {"DATE": "2015-01-22", "DJIA": "17813.98"}, {"DATE": "2015-01-23", "DJIA": "17672.60"}, {"DATE": "2015-01-26", "DJIA": "17678.70"}, {"DATE": "2015-01-27", "DJIA": "17387.21"}, {"DATE": "2015-01-28", "DJIA": "17191.37"}, {"DATE": "2015-01-29", "DJIA": "17416.85"}, {"DATE": "2015-01-30", "DJIA": "17164.95"}, {"DATE": "2015-02-02", "DJIA": "17361.04"}, {"DATE": "2015-02-03", "DJIA": "17666.40"}, {"DATE": "2015-02-04", "DJIA": "17673.02"}, {"DATE": "2015-02-05", "DJIA": "17884.88"}, {"DATE": "2015-02-06", "DJIA": "17824.29"}, {"DATE": "2015-02-09", "DJIA": "17729.21"}, {"DATE": "2015-02-10", "DJIA": "17868.76"}, {"DATE": "2015-02-11", "DJIA": "17862.14"}, {"DATE": "2015-02-12", "DJIA": "17972.38"}, {"DATE": "2015-02-13", "DJIA": "18019.35"}, {"DATE": "2015-02-16", "DJIA": "."}, {"DATE": "2015-02-17", "DJIA": "18047.58"}, {"DATE": "2015-02-18", "DJIA": "18029.85"}, {"DATE": "2015-02-19", "DJIA": "17985.77"}, {"DATE": "2015-02-20", "DJIA": "18140.44"}, {"DATE": "2015-02-23", "DJIA": "18116.84"}, {"DATE": "2015-02-24", "DJIA": "18209.19"}, {"DATE": "2015-02-25", "DJIA": "18224.57"}, {"DATE": "2015-02-26", "DJIA": "18214.42"}, {"DATE": "2015-02-27", "DJIA": "18132.70"}, {"DATE": "2015-03-02", "DJIA": "18288.63"}, {"DATE": "2015-03-03", "DJIA": "18203.37"}, {"DATE": "2015-03-04", "DJIA": "18096.90"}, {"DATE": "2015-03-05", "DJIA": "18135.72"}, {"DATE": "2015-03-06", "DJIA": "17856.78"}, {"DATE": "2015-03-09", "DJIA": "17995.72"}, {"DATE": "2015-03-10", "DJIA": "17662.94"}, {"DATE": "2015-03-11", "DJIA": "17635.39"}, {"DATE": "2015-03-12", "DJIA": "17895.22"}, {"DATE": "2015-03-13", "DJIA": "17749.31"}, {"DATE": "2015-03-16", "DJIA": "17977.42"}, {"DATE": "2015-03-17", "DJIA": "17849.08"}, {"DATE": "2015-03-18", "DJIA": "18076.19"}, {"DATE": "2015-03-19", "DJIA": "17959.03"}, {"DATE": "2015-03-20", "DJIA": "18127.65"}, {"DATE": "2015-03-23", "DJIA": "18116.04"}, {"DATE": "2015-03-24", "DJIA": "18011.14"}, {"DATE": "2015-03-25", "DJIA": "17718.54"}, {"DATE": "2015-03-26", "DJIA": "17678.23"}, {"DATE": "2015-03-27", "DJIA": "17712.66"}, {"DATE": "2015-03-30", "DJIA": "17976.31"}, {"DATE": "2015-03-31", "DJIA": "17776.12"}, {"DATE": "2015-04-01", "DJIA": "17698.18"}, {"DATE": "2015-04-02", "DJIA": "17763.24"}, {"DATE": "2015-04-03", "DJIA": "."}, {"DATE": "2015-04-06", "DJIA": "17880.85"}, {"DATE": "2015-04-07", "DJIA": "17875.42"}, {"DATE": "2015-04-08", "DJIA": "17902.51"}, {"DATE": "2015-04-09", "DJIA": "17958.73"}, {"DATE": "2015-04-10", "DJIA": "18057.65"}, {"DATE": "2015-04-13", "DJIA": "17977.04"}, {"DATE": "2015-04-14", "DJIA": "18036.70"}, {"DATE": "2015-04-15", "DJIA": "18112.61"}, {"DATE": "2015-04-16", "DJIA": "18105.77"}, {"DATE": "2015-04-17", "DJIA": "17826.30"}, {"DATE": "2015-04-20", "DJIA": "18034.93"}, {"DATE": "2015-04-21", "DJIA": "17949.59"}, {"DATE": "2015-04-22", "DJIA": "18038.27"}, {"DATE": "2015-04-23", "DJIA": "18058.69"}, {"DATE": "2015-04-24", "DJIA": "18080.14"}, {"DATE": "2015-04-27", "DJIA": "18037.97"}, {"DATE": "2015-04-28", "DJIA": "18110.14"}, {"DATE": "2015-04-29", "DJIA": "18035.53"}, {"DATE": "2015-04-30", "DJIA": "17840.52"}, {"DATE": "2015-05-01", "DJIA": "18024.06"}, {"DATE": "2015-05-04", "DJIA": "18070.40"}, {"DATE": "2015-05-05", "DJIA": "17928.20"}, {"DATE": "2015-05-06", "DJIA": "17841.98"}, {"DATE": "2015-05-07", "DJIA": "17924.06"}, {"DATE": "2015-05-08", "DJIA": "18191.11"}, {"DATE": "2015-05-11", "DJIA": "18105.17"}, {"DATE": "2015-05-12", "DJIA": "18068.23"}, {"DATE": "2015-05-13", "DJIA": "18060.49"}, {"DATE": "2015-05-14", "DJIA": "18252.24"}, {"DATE": "2015-05-15", "DJIA": "18272.56"}, {"DATE": "2015-05-18", "DJIA": "18298.88"}, {"DATE": "2015-05-19", "DJIA": "18312.39"}, {"DATE": "2015-05-20", "DJIA": "18285.40"}, {"DATE": "2015-05-21", "DJIA": "18285.74"}, {"DATE": "2015-05-22", "DJIA": "18232.02"}, {"DATE": "2015-05-25", "DJIA": "."}, {"DATE": "2015-05-26", "DJIA": "18041.54"}, {"DATE": "2015-05-27", "DJIA": "18162.99"}, {"DATE": "2015-05-28", "DJIA": "18126.12"}, {"DATE": "2015-05-29", "DJIA": "18010.68"}, {"DATE": "2015-06-01", "DJIA": "18040.37"}, {"DATE": "2015-06-02", "DJIA": "18011.94"}, {"DATE": "2015-06-03", "DJIA": "18076.27"}, {"DATE": "2015-06-04", "DJIA": "17905.58"}, {"DATE": "2015-06-05", "DJIA": "17849.46"}, {"DATE": "2015-06-08", "DJIA": "17766.55"}, {"DATE": "2015-06-09", "DJIA": "17764.04"}, {"DATE": "2015-06-10", "DJIA": "18000.40"}, {"DATE": "2015-06-11", "DJIA": "18039.37"}, {"DATE": "2015-06-12", "DJIA": "17898.84"}, {"DATE": "2015-06-15", "DJIA": "17791.17"}, {"DATE": "2015-06-16", "DJIA": "17904.48"}, {"DATE": "2015-06-17", "DJIA": "17935.74"}, {"DATE": "2015-06-18", "DJIA": "18115.84"}, {"DATE": "2015-06-19", "DJIA": "18015.95"}, {"DATE": "2015-06-22", "DJIA": "18119.78"}, {"DATE": "2015-06-23", "DJIA": "18144.07"}, {"DATE": "2015-06-24", "DJIA": "17966.07"}, {"DATE": "2015-06-25", "DJIA": "17890.36"}, {"DATE": "2015-06-26", "DJIA": "17946.68"}, {"DATE": "2015-06-29", "DJIA": "17596.35"}, {"DATE": "2015-06-30", "DJIA": "17619.51"}, {"DATE": "2015-07-01", "DJIA": "17757.91"}, {"DATE": "2015-07-02", "DJIA": "17730.11"}, {"DATE": "2015-07-03", "DJIA": "."}, {"DATE": "2015-07-06", "DJIA": "17683.58"}, {"DATE": "2015-07-07", "DJIA": "17776.91"}, {"DATE": "2015-07-08", "DJIA": "17515.42"}, {"DATE": "2015-07-09", "DJIA": "17548.62"}, {"DATE": "2015-07-10", "DJIA": "17760.41"}, {"DATE": "2015-07-13", "DJIA": "17977.68"}, {"DATE": "2015-07-14", "DJIA": "18053.58"}, {"DATE": "2015-07-15", "DJIA": "18050.17"}, {"DATE": "2015-07-16", "DJIA": "18120.25"}, {"DATE": "2015-07-17", "DJIA": "18086.45"}, {"DATE": "2015-07-20", "DJIA": "18100.41"}, {"DATE": "2015-07-21", "DJIA": "17919.29"}, {"DATE": "2015-07-22", "DJIA": "17851.04"}, {"DATE": "2015-07-23", "DJIA": "17731.92"}, {"DATE": "2015-07-24", "DJIA": "17568.53"}, {"DATE": "2015-07-27", "DJIA": "17440.59"}, {"DATE": "2015-07-28", "DJIA": "17630.27"}, {"DATE": "2015-07-29", "DJIA": "17751.39"}, {"DATE": "2015-07-30", "DJIA": "17745.98"}, {"DATE": "2015-07-31", "DJIA": "17689.86"}, {"DATE": "2015-08-03", "DJIA": "17598.20"}, {"DATE": "2015-08-04", "DJIA": "17550.69"}, {"DATE": "2015-08-05", "DJIA": "17540.47"}, {"DATE": "2015-08-06", "DJIA": "17419.75"}, {"DATE": "2015-08-07", "DJIA": "17373.38"}, {"DATE": "2015-08-10", "DJIA": "17615.17"}, {"DATE": "2015-08-11", "DJIA": "17402.84"}, {"DATE": "2015-08-12", "DJIA": "17402.51"}, {"DATE": "2015-08-13", "DJIA": "17408.25"}, {"DATE": "2015-08-14", "DJIA": "17477.40"}, {"DATE": "2015-08-17", "DJIA": "17545.18"}, {"DATE": "2015-08-18", "DJIA": "17511.34"}, {"DATE": "2015-08-19", "DJIA": "17348.73"}, {"DATE": "2015-08-20", "DJIA": "16990.69"}, {"DATE": "2015-08-21", "DJIA": "16459.75"}, {"DATE": "2015-08-24", "DJIA": "15871.35"}, {"DATE": "2015-08-25", "DJIA": "15666.44"}, {"DATE": "2015-08-26", "DJIA": "16285.51"}, {"DATE": "2015-08-27", "DJIA": "16654.77"}, {"DATE": "2015-08-28", "DJIA": "16643.01"}, {"DATE": "2015-08-31", "DJIA": "16528.03"}, {"DATE": "2015-09-01", "DJIA": "16058.35"}, {"DATE": "2015-09-02", "DJIA": "16351.38"}, {"DATE": "2015-09-03", "DJIA": "16374.76"}, {"DATE": "2015-09-04", "DJIA": "16102.38"}, {"DATE": "2015-09-07", "DJIA": "."}, {"DATE": "2015-09-08", "DJIA": "16492.68"}, {"DATE": "2015-09-09", "DJIA": "16253.57"}, {"DATE": "2015-09-10", "DJIA": "16330.40"}, {"DATE": "2015-09-11", "DJIA": "16433.09"}, {"DATE": "2015-09-14", "DJIA": "16370.96"}, {"DATE": "2015-09-15", "DJIA": "16599.85"}, {"DATE": "2015-09-16", "DJIA": "16739.95"}, {"DATE": "2015-09-17", "DJIA": "16674.74"}, {"DATE": "2015-09-18", "DJIA": "16384.58"}, {"DATE": "2015-09-21", "DJIA": "16510.19"}, {"DATE": "2015-09-22", "DJIA": "16330.47"}, {"DATE": "2015-09-23", "DJIA": "16279.89"}, {"DATE": "2015-09-24", "DJIA": "16201.32"}, {"DATE": "2015-09-25", "DJIA": "16314.67"}, {"DATE": "2015-09-28", "DJIA": "16001.89"}, {"DATE": "2015-09-29", "DJIA": "16049.13"}, {"DATE": "2015-09-30", "DJIA": "16284.70"}, {"DATE": "2015-10-01", "DJIA": "16272.01"}, {"DATE": "2015-10-02", "DJIA": "16472.37"}, {"DATE": "2015-10-05", "DJIA": "16776.43"}, {"DATE": "2015-10-06", "DJIA": "16790.19"}, {"DATE": "2015-10-07", "DJIA": "16912.29"}, {"DATE": "2015-10-08", "DJIA": "17050.75"}, {"DATE": "2015-10-09", "DJIA": "17084.49"}, {"DATE": "2015-10-12", "DJIA": "17131.86"}, {"DATE": "2015-10-13", "DJIA": "17081.89"}, {"DATE": "2015-10-14", "DJIA": "16924.75"}, {"DATE": "2015-10-15", "DJIA": "17141.75"}, {"DATE": "2015-10-16", "DJIA": "17215.97"}, {"DATE": "2015-10-19", "DJIA": "17230.54"}, {"DATE": "2015-10-20", "DJIA": "17217.11"}, {"DATE": "2015-10-21", "DJIA": "17168.61"}, {"DATE": "2015-10-22", "DJIA": "17489.16"}, {"DATE": "2015-10-23", "DJIA": "17646.70"}, {"DATE": "2015-10-26", "DJIA": "17623.05"}, {"DATE": "2015-10-27", "DJIA": "17581.43"}, {"DATE": "2015-10-28", "DJIA": "17779.52"}, {"DATE": "2015-10-29", "DJIA": "17755.80"}, {"DATE": "2015-10-30", "DJIA": "17663.54"}, {"DATE": "2015-11-02", "DJIA": "17828.76"}, {"DATE": "2015-11-03", "DJIA": "17918.15"}, {"DATE": "2015-11-04", "DJIA": "17867.58"}, {"DATE": "2015-11-05", "DJIA": "17863.43"}, {"DATE": "2015-11-06", "DJIA": "17910.33"}, {"DATE": "2015-11-09", "DJIA": "17730.48"}, {"DATE": "2015-11-10", "DJIA": "17758.21"}, {"DATE": "2015-11-11", "DJIA": "17702.22"}, {"DATE": "2015-11-12", "DJIA": "17448.07"}, {"DATE": "2015-11-13", "DJIA": "17245.24"}, {"DATE": "2015-11-16", "DJIA": "17483.01"}, {"DATE": "2015-11-17", "DJIA": "17489.50"}, {"DATE": "2015-11-18", "DJIA": "17737.16"}, {"DATE": "2015-11-19", "DJIA": "17732.75"}, {"DATE": "2015-11-20", "DJIA": "17823.81"}, {"DATE": "2015-11-23", "DJIA": "17792.68"}, {"DATE": "2015-11-24", "DJIA": "17812.19"}, {"DATE": "2015-11-25", "DJIA": "17813.39"}, {"DATE": "2015-11-26", "DJIA": "."}, {"DATE": "2015-11-27", "DJIA": "17798.49"}, {"DATE": "2015-11-30", "DJIA": "17719.92"}, {"DATE": "2015-12-01", "DJIA": "17888.35"}, {"DATE": "2015-12-02", "DJIA": "17729.68"}, {"DATE": "2015-12-03", "DJIA": "17477.67"}, {"DATE": "2015-12-04", "DJIA": "17847.63"}, {"DATE": "2015-12-07", "DJIA": "17730.51"}, {"DATE": "2015-12-08", "DJIA": "17568.00"}, {"DATE": "2015-12-09", "DJIA": "17492.30"}, {"DATE": "2015-12-10", "DJIA": "17574.75"}, {"DATE": "2015-12-11", "DJIA": "17265.21"}, {"DATE": "2015-12-14", "DJIA": "17368.50"}, {"DATE": "2015-12-15", "DJIA": "17524.91"}, {"DATE": "2015-12-16", "DJIA": "17749.09"}, {"DATE": "2015-12-17", "DJIA": "17495.84"}, {"DATE": "2015-12-18", "DJIA": "17128.55"}, {"DATE": "2015-12-21", "DJIA": "17251.62"}, {"DATE": "2015-12-22", "DJIA": "17417.27"}, {"DATE": "2015-12-23", "DJIA": "17602.61"}, {"DATE": "2015-12-24", "DJIA": "17552.17"}, {"DATE": "2015-12-25", "DJIA": "."}, {"DATE": "2015-12-28", "DJIA": "17528.27"}, {"DATE": "2015-12-29", "DJIA": "17720.98"}, {"DATE": "2015-12-30", "DJIA": "17603.87"}, {"DATE": "2015-12-31", "DJIA": "17425.03"}, {"DATE": "2016-01-01", "DJIA": "."}, {"DATE": "2016-01-04", "DJIA": "17148.94"}, {"DATE": "2016-01-05", "DJIA": "17158.66"}, {"DATE": "2016-01-06", "DJIA": "16906.51"}, {"DATE": "2016-01-07", "DJIA": "16514.10"}, {"DATE": "2016-01-08", "DJIA": "16346.45"}, {"DATE": "2016-01-11", "DJIA": "16398.57"}, {"DATE": "2016-01-12", "DJIA": "16516.22"}, {"DATE": "2016-01-13", "DJIA": "16151.41"}, {"DATE": "2016-01-14", "DJIA": "16379.05"}, {"DATE": "2016-01-15", "DJIA": "15988.08"}, {"DATE": "2016-01-18", "DJIA": "."}, {"DATE": "2016-01-19", "DJIA": "16016.02"}, {"DATE": "2016-01-20", "DJIA": "15766.74"}, {"DATE": "2016-01-21", "DJIA": "15882.68"}, {"DATE": "2016-01-22", "DJIA": "16093.51"}, {"DATE": "2016-01-25", "DJIA": "15885.22"}, {"DATE": "2016-01-26", "DJIA": "16167.23"}, {"DATE": "2016-01-27", "DJIA": "15944.46"}, {"DATE": "2016-01-28", "DJIA": "16069.64"}, {"DATE": "2016-01-29", "DJIA": "16466.30"}, {"DATE": "2016-02-01", "DJIA": "16449.18"}, {"DATE": "2016-02-02", "DJIA": "16153.54"}, {"DATE": "2016-02-03", "DJIA": "16336.66"}, {"DATE": "2016-02-04", "DJIA": "16416.58"}, {"DATE": "2016-02-05", "DJIA": "16204.97"}, {"DATE": "2016-02-08", "DJIA": "16027.05"}, {"DATE": "2016-02-09", "DJIA": "16014.38"}, {"DATE": "2016-02-10", "DJIA": "15914.74"}, {"DATE": "2016-02-11", "DJIA": "15660.18"}, {"DATE": "2016-02-12", "DJIA": "15973.84"}, {"DATE": "2016-02-15", "DJIA": "."}, {"DATE": "2016-02-16", "DJIA": "16196.41"}, {"DATE": "2016-02-17", "DJIA": "16453.83"}, {"DATE": "2016-02-18", "DJIA": "16413.43"}, {"DATE": "2016-02-19", "DJIA": "16391.99"}, {"DATE": "2016-02-22", "DJIA": "16620.66"}, {"DATE": "2016-02-23", "DJIA": "16431.78"}, {"DATE": "2016-02-24", "DJIA": "16484.99"}, {"DATE": "2016-02-25", "DJIA": "16697.29"}, {"DATE": "2016-02-26", "DJIA": "16639.97"}, {"DATE": "2016-02-29", "DJIA": "16516.50"}, {"DATE": "2016-03-01", "DJIA": "16865.08"}, {"DATE": "2016-03-02", "DJIA": "16899.32"}, {"DATE": "2016-03-03", "DJIA": "16943.90"}, {"DATE": "2016-03-04", "DJIA": "17006.77"}, {"DATE": "2016-03-07", "DJIA": "17073.95"}, {"DATE": "2016-03-08", "DJIA": "16964.10"}, {"DATE": "2016-03-09", "DJIA": "17000.36"}, {"DATE": "2016-03-10", "DJIA": "16995.13"}, {"DATE": "2016-03-11", "DJIA": "17213.31"}, {"DATE": "2016-03-14", "DJIA": "17229.13"}, {"DATE": "2016-03-15", "DJIA": "17251.53"}, {"DATE": "2016-03-16", "DJIA": "17325.76"}, {"DATE": "2016-03-17", "DJIA": "17481.49"}, {"DATE": "2016-03-18", "DJIA": "17602.30"}, {"DATE": "2016-03-21", "DJIA": "17623.87"}, {"DATE": "2016-03-22", "DJIA": "17582.57"}, {"DATE": "2016-03-23", "DJIA": "17502.59"}, {"DATE": "2016-03-24", "DJIA": "17515.73"}, {"DATE": "2016-03-25", "DJIA": "."}, {"DATE": "2016-03-28", "DJIA": "17535.39"}, {"DATE": "2016-03-29", "DJIA": "17633.11"}, {"DATE": "2016-03-30", "DJIA": "17716.66"}, {"DATE": "2016-03-31", "DJIA": "17685.09"}, {"DATE": "2016-04-01", "DJIA": "17792.75"}, {"DATE": "2016-04-04", "DJIA": "17737.00"}, {"DATE": "2016-04-05", "DJIA": "17603.32"}, {"DATE": "2016-04-06", "DJIA": "17716.05"}, {"DATE": "2016-04-07", "DJIA": "17541.96"}, {"DATE": "2016-04-08", "DJIA": "17576.96"}, {"DATE": "2016-04-11", "DJIA": "17556.41"}, {"DATE": "2016-04-12", "DJIA": "17721.25"}, {"DATE": "2016-04-13", "DJIA": "17908.28"}, {"DATE": "2016-04-14", "DJIA": "17926.43"}, {"DATE": "2016-04-15", "DJIA": "17897.46"}, {"DATE": "2016-04-18", "DJIA": "18004.16"}, {"DATE": "2016-04-19", "DJIA": "18053.60"}, {"DATE": "2016-04-20", "DJIA": "18096.27"}, {"DATE": "2016-04-21", "DJIA": "17982.52"}, {"DATE": "2016-04-22", "DJIA": "18003.75"}, {"DATE": "2016-04-25", "DJIA": "17977.24"}, {"DATE": "2016-04-26", "DJIA": "17990.32"}, {"DATE": "2016-04-27", "DJIA": "18041.55"}, {"DATE": "2016-04-28", "DJIA": "17830.76"}, {"DATE": "2016-04-29", "DJIA": "17773.64"}, {"DATE": "2016-05-02", "DJIA": "17891.16"}, {"DATE": "2016-05-03", "DJIA": "17750.91"}, {"DATE": "2016-05-04", "DJIA": "17651.26"}, {"DATE": "2016-05-05", "DJIA": "17660.71"}, {"DATE": "2016-05-06", "DJIA": "17740.63"}, {"DATE": "2016-05-09", "DJIA": "17705.91"}, {"DATE": "2016-05-10", "DJIA": "17928.35"}, {"DATE": "2016-05-11", "DJIA": "17711.12"}, {"DATE": "2016-05-12", "DJIA": "17720.50"}, {"DATE": "2016-05-13", "DJIA": "17535.32"}, {"DATE": "2016-05-16", "DJIA": "17710.71"}, {"DATE": "2016-05-17", "DJIA": "17529.98"}, {"DATE": "2016-05-18", "DJIA": "17526.62"}, {"DATE": "2016-05-19", "DJIA": "17435.40"}, {"DATE": "2016-05-20", "DJIA": "17500.94"}, {"DATE": "2016-05-23", "DJIA": "17492.93"}, {"DATE": "2016-05-24", "DJIA": "17706.05"}, {"DATE": "2016-05-25", "DJIA": "17851.51"}, {"DATE": "2016-05-26", "DJIA": "17828.29"}, {"DATE": "2016-05-27", "DJIA": "17873.22"}, {"DATE": "2016-05-30", "DJIA": "."}, {"DATE": "2016-05-31", "DJIA": "17787.20"}, {"DATE": "2016-06-01", "DJIA": "17789.67"}, {"DATE": "2016-06-02", "DJIA": "17838.56"}, {"DATE": "2016-06-03", "DJIA": "17807.06"}, {"DATE": "2016-06-06", "DJIA": "17920.33"}, {"DATE": "2016-06-07", "DJIA": "17938.28"}, {"DATE": "2016-06-08", "DJIA": "18005.05"}, {"DATE": "2016-06-09", "DJIA": "17985.19"}, {"DATE": "2016-06-10", "DJIA": "17865.34"}, {"DATE": "2016-06-13", "DJIA": "17732.48"}, {"DATE": "2016-06-14", "DJIA": "17674.82"}, {"DATE": "2016-06-15", "DJIA": "17640.17"}, {"DATE": "2016-06-16", "DJIA": "17733.10"}, {"DATE": "2016-06-17", "DJIA": "17675.16"}, {"DATE": "2016-06-20", "DJIA": "17804.87"}, {"DATE": "2016-06-21", "DJIA": "17829.73"}, {"DATE": "2016-06-22", "DJIA": "17780.83"}, {"DATE": "2016-06-23", "DJIA": "18011.07"}, {"DATE": "2016-06-24", "DJIA": "17400.75"}, {"DATE": "2016-06-27", "DJIA": "17140.24"}, {"DATE": "2016-06-28", "DJIA": "17409.72"}, {"DATE": "2016-06-29", "DJIA": "17694.68"}, {"DATE": "2016-06-30", "DJIA": "17929.99"}, {"DATE": "2016-07-01", "DJIA": "17949.37"}, {"DATE": "2016-07-04", "DJIA": "."}, {"DATE": "2016-07-05", "DJIA": "17840.62"}, {"DATE": "2016-07-06", "DJIA": "17918.62"}, {"DATE": "2016-07-07", "DJIA": "17895.88"}, {"DATE": "2016-07-08", "DJIA": "18146.74"}, {"DATE": "2016-07-11", "DJIA": "18226.93"}, {"DATE": "2016-07-12", "DJIA": "18347.67"}, {"DATE": "2016-07-13", "DJIA": "18372.12"}, {"DATE": "2016-07-14", "DJIA": "18506.41"}, {"DATE": "2016-07-15", "DJIA": "18516.55"}, {"DATE": "2016-07-18", "DJIA": "18533.05"}, {"DATE": "2016-07-19", "DJIA": "18559.01"}, {"DATE": "2016-07-20", "DJIA": "18595.03"}, {"DATE": "2016-07-21", "DJIA": "18517.23"}, {"DATE": "2016-07-22", "DJIA": "18570.85"}, {"DATE": "2016-07-25", "DJIA": "18493.06"}, {"DATE": "2016-07-26", "DJIA": "18473.75"}, {"DATE": "2016-07-27", "DJIA": "18472.17"}, {"DATE": "2016-07-28", "DJIA": "18456.35"}, {"DATE": "2016-07-29", "DJIA": "18432.24"}, {"DATE": "2016-08-01", "DJIA": "18404.51"}, {"DATE": "2016-08-02", "DJIA": "18313.77"}, {"DATE": "2016-08-03", "DJIA": "18355.00"}, {"DATE": "2016-08-04", "DJIA": "18352.05"}, {"DATE": "2016-08-05", "DJIA": "18543.53"}, {"DATE": "2016-08-08", "DJIA": "18529.29"}, {"DATE": "2016-08-09", "DJIA": "18533.05"}, {"DATE": "2016-08-10", "DJIA": "18495.66"}, {"DATE": "2016-08-11", "DJIA": "18613.52"}, {"DATE": "2016-08-12", "DJIA": "18576.47"}, {"DATE": "2016-08-15", "DJIA": "18636.05"}, {"DATE": "2016-08-16", "DJIA": "18552.02"}, {"DATE": "2016-08-17", "DJIA": "18573.94"}, {"DATE": "2016-08-18", "DJIA": "18597.70"}, {"DATE": "2016-08-19", "DJIA": "18552.57"}, {"DATE": "2016-08-22", "DJIA": "18529.42"}, {"DATE": "2016-08-23", "DJIA": "18547.30"}, {"DATE": "2016-08-24", "DJIA": "18481.48"}, {"DATE": "2016-08-25", "DJIA": "18448.41"}, {"DATE": "2016-08-26", "DJIA": "18395.40"}, {"DATE": "2016-08-29", "DJIA": "18502.99"}, {"DATE": "2016-08-30", "DJIA": "18454.30"}, {"DATE": "2016-08-31", "DJIA": "18400.88"}, {"DATE": "2016-09-01", "DJIA": "18419.30"}, {"DATE": "2016-09-02", "DJIA": "18491.96"}, {"DATE": "2016-09-05", "DJIA": "."}, {"DATE": "2016-09-06", "DJIA": "18538.12"}, {"DATE": "2016-09-07", "DJIA": "18526.14"}, {"DATE": "2016-09-08", "DJIA": "18479.91"}, {"DATE": "2016-09-09", "DJIA": "18085.45"}, {"DATE": "2016-09-12", "DJIA": "18325.07"}, {"DATE": "2016-09-13", "DJIA": "18066.75"}, {"DATE": "2016-09-14", "DJIA": "18034.77"}, {"DATE": "2016-09-15", "DJIA": "18212.48"}, {"DATE": "2016-09-16", "DJIA": "18123.80"}, {"DATE": "2016-09-19", "DJIA": "18120.17"}, {"DATE": "2016-09-20", "DJIA": "18129.96"}, {"DATE": "2016-09-21", "DJIA": "18293.70"}, {"DATE": "2016-09-22", "DJIA": "18392.46"}, {"DATE": "2016-09-23", "DJIA": "18261.45"}, {"DATE": "2016-09-26", "DJIA": "18094.83"}, {"DATE": "2016-09-27", "DJIA": "18228.30"}, {"DATE": "2016-09-28", "DJIA": "18339.24"}, {"DATE": "2016-09-29", "DJIA": "18143.45"}, {"DATE": "2016-09-30", "DJIA": "18308.15"}, {"DATE": "2016-10-03", "DJIA": "18253.85"}, {"DATE": "2016-10-04", "DJIA": "18168.45"}, {"DATE": "2016-10-05", "DJIA": "18281.03"}, {"DATE": "2016-10-06", "DJIA": "18268.50"}, {"DATE": "2016-10-07", "DJIA": "18240.49"}, {"DATE": "2016-10-10", "DJIA": "18329.04"}, {"DATE": "2016-10-11", "DJIA": "18128.66"}, {"DATE": "2016-10-12", "DJIA": "18144.20"}, {"DATE": "2016-10-13", "DJIA": "18098.94"}, {"DATE": "2016-10-14", "DJIA": "18138.38"}, {"DATE": "2016-10-17", "DJIA": "18086.40"}, {"DATE": "2016-10-18", "DJIA": "18161.94"}, {"DATE": "2016-10-19", "DJIA": "18202.62"}, {"DATE": "2016-10-20", "DJIA": "18162.35"}, {"DATE": "2016-10-21", "DJIA": "18145.71"}, {"DATE": "2016-10-24", "DJIA": "18223.03"}, {"DATE": "2016-10-25", "DJIA": "18169.27"}, {"DATE": "2016-10-26", "DJIA": "18199.33"}, {"DATE": "2016-10-27", "DJIA": "18169.68"}, {"DATE": "2016-10-28", "DJIA": "18161.19"}, {"DATE": "2016-10-31", "DJIA": "18142.42"}, {"DATE": "2016-11-01", "DJIA": "18037.10"}, {"DATE": "2016-11-02", "DJIA": "17959.64"}, {"DATE": "2016-11-03", "DJIA": "17930.67"}, {"DATE": "2016-11-04", "DJIA": "17888.28"}, {"DATE": "2016-11-07", "DJIA": "18259.60"}, {"DATE": "2016-11-08", "DJIA": "18332.74"}, {"DATE": "2016-11-09", "DJIA": "18589.69"}, {"DATE": "2016-11-10", "DJIA": "18807.88"}, {"DATE": "2016-11-11", "DJIA": "18847.66"}, {"DATE": "2016-11-14", "DJIA": "18868.69"}, {"DATE": "2016-11-15", "DJIA": "18923.06"}, {"DATE": "2016-11-16", "DJIA": "18868.14"}, {"DATE": "2016-11-17", "DJIA": "18903.82"}, {"DATE": "2016-11-18", "DJIA": "18867.93"}, {"DATE": "2016-11-21", "DJIA": "18956.69"}, {"DATE": "2016-11-22", "DJIA": "19023.87"}, {"DATE": "2016-11-23", "DJIA": "19083.18"}, {"DATE": "2016-11-24", "DJIA": "."}, {"DATE": "2016-11-25", "DJIA": "19152.14"}, {"DATE": "2016-11-28", "DJIA": "19097.90"}, {"DATE": "2016-11-29", "DJIA": "19121.60"}, {"DATE": "2016-11-30", "DJIA": "19123.58"}, {"DATE": "2016-12-01", "DJIA": "19191.93"}, {"DATE": "2016-12-02", "DJIA": "19170.42"}, {"DATE": "2016-12-05", "DJIA": "19216.24"}, {"DATE": "2016-12-06", "DJIA": "19251.78"}, {"DATE": "2016-12-07", "DJIA": "19549.62"}, {"DATE": "2016-12-08", "DJIA": "19614.81"}, {"DATE": "2016-12-09", "DJIA": "19756.85"}, {"DATE": "2016-12-12", "DJIA": "19796.43"}, {"DATE": "2016-12-13", "DJIA": "19911.21"}, {"DATE": "2016-12-14", "DJIA": "19792.53"}, {"DATE": "2016-12-15", "DJIA": "19852.24"}, {"DATE": "2016-12-16", "DJIA": "19843.41"}, {"DATE": "2016-12-19", "DJIA": "19883.06"}, {"DATE": "2016-12-20", "DJIA": "19974.62"}, {"DATE": "2016-12-21", "DJIA": "19941.96"}, {"DATE": "2016-12-22", "DJIA": "19918.88"}, {"DATE": "2016-12-23", "DJIA": "19933.81"}, {"DATE": "2016-12-26", "DJIA": "."}, {"DATE": "2016-12-27", "DJIA": "19945.04"}, {"DATE": "2016-12-28", "DJIA": "19833.68"}, {"DATE": "2016-12-29", "DJIA": "19819.78"}, {"DATE": "2016-12-30", "DJIA": "19762.60"}, {"DATE": "2017-01-02", "DJIA": "."}, {"DATE": "2017-01-03", "DJIA": "19881.76"}, {"DATE": "2017-01-04", "DJIA": "19942.16"}, {"DATE": "2017-01-05", "DJIA": "19899.29"}, {"DATE": "2017-01-06", "DJIA": "19963.80"}, {"DATE": "2017-01-09", "DJIA": "19887.38"}, {"DATE": "2017-01-10", "DJIA": "19855.53"}, {"DATE": "2017-01-11", "DJIA": "19954.28"}, {"DATE": "2017-01-12", "DJIA": "19891.00"}, {"DATE": "2017-01-13", "DJIA": "19885.73"}, {"DATE": "2017-01-16", "DJIA": "."}, {"DATE": "2017-01-17", "DJIA": "19826.77"}, {"DATE": "2017-01-18", "DJIA": "19804.72"}, {"DATE": "2017-01-19", "DJIA": "19732.40"}, {"DATE": "2017-01-20", "DJIA": "19827.25"}, {"DATE": "2017-01-23", "DJIA": "19799.85"}, {"DATE": "2017-01-24", "DJIA": "19912.71"}, {"DATE": "2017-01-25", "DJIA": "20068.51"}, {"DATE": "2017-01-26", "DJIA": "20100.91"}, {"DATE": "2017-01-27", "DJIA": "20093.78"}, {"DATE": "2017-01-30", "DJIA": "19971.13"}, {"DATE": "2017-01-31", "DJIA": "19864.09"}, {"DATE": "2017-02-01", "DJIA": "19890.94"}, {"DATE": "2017-02-02", "DJIA": "19884.91"}, {"DATE": "2017-02-03", "DJIA": "20071.46"}, {"DATE": "2017-02-06", "DJIA": "20052.42"}, {"DATE": "2017-02-07", "DJIA": "20090.29"}, {"DATE": "2017-02-08", "DJIA": "20054.34"}, {"DATE": "2017-02-09", "DJIA": "20172.40"}, {"DATE": "2017-02-10", "DJIA": "20269.37"}, {"DATE": "2017-02-13", "DJIA": "20412.16"}, {"DATE": "2017-02-14", "DJIA": "20504.41"}, {"DATE": "2017-02-15", "DJIA": "20611.86"}, {"DATE": "2017-02-16", "DJIA": "20619.77"}, {"DATE": "2017-02-17", "DJIA": "20624.05"}, {"DATE": "2017-02-20", "DJIA": "."}, {"DATE": "2017-02-21", "DJIA": "20743.00"}, {"DATE": "2017-02-22", "DJIA": "20775.60"}, {"DATE": "2017-02-23", "DJIA": "20810.32"}, {"DATE": "2017-02-24", "DJIA": "20821.76"}, {"DATE": "2017-02-27", "DJIA": "20837.44"}, {"DATE": "2017-02-28", "DJIA": "20812.24"}, {"DATE": "2017-03-01", "DJIA": "21115.55"}, {"DATE": "2017-03-02", "DJIA": "21002.97"}, {"DATE": "2017-03-03", "DJIA": "21005.71"}, {"DATE": "2017-03-06", "DJIA": "20954.34"}, {"DATE": "2017-03-07", "DJIA": "20924.76"}, {"DATE": "2017-03-08", "DJIA": "20855.73"}, {"DATE": "2017-03-09", "DJIA": "20858.19"}, {"DATE": "2017-03-10", "DJIA": "20902.98"}, {"DATE": "2017-03-13", "DJIA": "20881.48"}, {"DATE": "2017-03-14", "DJIA": "20837.37"}, {"DATE": "2017-03-15", "DJIA": "20950.10"}, {"DATE": "2017-03-16", "DJIA": "20934.55"}, {"DATE": "2017-03-17", "DJIA": "20914.62"}, {"DATE": "2017-03-20", "DJIA": "20905.86"}, {"DATE": "2017-03-21", "DJIA": "20668.01"}, {"DATE": "2017-03-22", "DJIA": "20661.30"}, {"DATE": "2017-03-23", "DJIA": "20656.58"}, {"DATE": "2017-03-24", "DJIA": "20596.72"}, {"DATE": "2017-03-27", "DJIA": "20550.98"}, {"DATE": "2017-03-28", "DJIA": "20701.50"}, {"DATE": "2017-03-29", "DJIA": "20659.32"}, {"DATE": "2017-03-30", "DJIA": "20728.49"}, {"DATE": "2017-03-31", "DJIA": "20663.22"}, {"DATE": "2017-04-03", "DJIA": "20650.21"}, {"DATE": "2017-04-04", "DJIA": "20689.24"}, {"DATE": "2017-04-05", "DJIA": "20648.15"}, {"DATE": "2017-04-06", "DJIA": "20662.95"}, {"DATE": "2017-04-07", "DJIA": "20656.10"}, {"DATE": "2017-04-10", "DJIA": "20658.02"}, {"DATE": "2017-04-11", "DJIA": "20651.30"}, {"DATE": "2017-04-12", "DJIA": "20591.86"}, {"DATE": "2017-04-13", "DJIA": "20453.25"}, {"DATE": "2017-04-14", "DJIA": "."}, {"DATE": "2017-04-17", "DJIA": "20636.92"}, {"DATE": "2017-04-18", "DJIA": "20523.28"}, {"DATE": "2017-04-19", "DJIA": "20404.49"}, {"DATE": "2017-04-20", "DJIA": "20578.71"}, {"DATE": "2017-04-21", "DJIA": "20547.76"}, {"DATE": "2017-04-24", "DJIA": "20763.89"}, {"DATE": "2017-04-25", "DJIA": "20996.12"}, {"DATE": "2017-04-26", "DJIA": "20975.09"}, {"DATE": "2017-04-27", "DJIA": "20981.33"}, {"DATE": "2017-04-28", "DJIA": "20940.51"}, {"DATE": "2017-05-01", "DJIA": "20913.46"}, {"DATE": "2017-05-02", "DJIA": "20949.89"}, {"DATE": "2017-05-03", "DJIA": "20957.90"}, {"DATE": "2017-05-04", "DJIA": "20951.47"}, {"DATE": "2017-05-05", "DJIA": "21006.94"}, {"DATE": "2017-05-08", "DJIA": "21012.28"}, {"DATE": "2017-05-09", "DJIA": "20975.78"}, {"DATE": "2017-05-10", "DJIA": "20943.11"}, {"DATE": "2017-05-11", "DJIA": "20919.42"}, {"DATE": "2017-05-12", "DJIA": "20896.61"}, {"DATE": "2017-05-15", "DJIA": "20981.94"}, {"DATE": "2017-05-16", "DJIA": "20979.75"}, {"DATE": "2017-05-17", "DJIA": "20606.93"}, {"DATE": "2017-05-18", "DJIA": "20663.02"}, {"DATE": "2017-05-19", "DJIA": "20804.84"}, {"DATE": "2017-05-22", "DJIA": "20894.83"}, {"DATE": "2017-05-23", "DJIA": "20937.91"}, {"DATE": "2017-05-24", "DJIA": "21012.42"}, {"DATE": "2017-05-25", "DJIA": "21082.95"}, {"DATE": "2017-05-26", "DJIA": "21080.28"}, {"DATE": "2017-05-29", "DJIA": "."}, {"DATE": "2017-05-30", "DJIA": "21029.47"}, {"DATE": "2017-05-31", "DJIA": "21008.65"}, {"DATE": "2017-06-01", "DJIA": "21144.18"}, {"DATE": "2017-06-02", "DJIA": "21206.29"}, {"DATE": "2017-06-05", "DJIA": "21184.04"}, {"DATE": "2017-06-06", "DJIA": "21136.23"}, {"DATE": "2017-06-07", "DJIA": "21173.69"}, {"DATE": "2017-06-08", "DJIA": "21182.53"}, {"DATE": "2017-06-09", "DJIA": "21271.97"}, {"DATE": "2017-06-12", "DJIA": "21235.67"}, {"DATE": "2017-06-13", "DJIA": "21328.47"}, {"DATE": "2017-06-14", "DJIA": "21374.56"}, {"DATE": "2017-06-15", "DJIA": "21359.90"}, {"DATE": "2017-06-16", "DJIA": "21384.28"}, {"DATE": "2017-06-19", "DJIA": "21528.99"}, {"DATE": "2017-06-20", "DJIA": "21467.14"}, {"DATE": "2017-06-21", "DJIA": "21410.03"}, {"DATE": "2017-06-22", "DJIA": "21397.29"}, {"DATE": "2017-06-23", "DJIA": "21394.76"}, {"DATE": "2017-06-26", "DJIA": "21409.55"}, {"DATE": "2017-06-27", "DJIA": "21310.66"}, {"DATE": "2017-06-28", "DJIA": "21454.61"}, {"DATE": "2017-06-29", "DJIA": "21287.03"}, {"DATE": "2017-06-30", "DJIA": "21349.63"}, {"DATE": "2017-07-03", "DJIA": "21479.27"}, {"DATE": "2017-07-04", "DJIA": "."}, {"DATE": "2017-07-05", "DJIA": "21478.17"}, {"DATE": "2017-07-06", "DJIA": "21320.04"}, {"DATE": "2017-07-07", "DJIA": "21414.34"}, {"DATE": "2017-07-10", "DJIA": "21408.52"}, {"DATE": "2017-07-11", "DJIA": "21409.07"}, {"DATE": "2017-07-12", "DJIA": "21532.14"}, {"DATE": "2017-07-13", "DJIA": "21553.09"}, {"DATE": "2017-07-14", "DJIA": "21637.74"}, {"DATE": "2017-07-17", "DJIA": "21629.72"}, {"DATE": "2017-07-18", "DJIA": "21574.73"}, {"DATE": "2017-07-19", "DJIA": "21640.75"}, {"DATE": "2017-07-20", "DJIA": "21611.78"}, {"DATE": "2017-07-21", "DJIA": "21580.07"}, {"DATE": "2017-07-24", "DJIA": "21513.17"}, {"DATE": "2017-07-25", "DJIA": "21613.43"}, {"DATE": "2017-07-26", "DJIA": "21711.01"}, {"DATE": "2017-07-27", "DJIA": "21796.55"}, {"DATE": "2017-07-28", "DJIA": "21830.31"}, {"DATE": "2017-07-31", "DJIA": "21891.12"}, {"DATE": "2017-08-01", "DJIA": "21963.92"}, {"DATE": "2017-08-02", "DJIA": "22016.24"}, {"DATE": "2017-08-03", "DJIA": "22026.10"}, {"DATE": "2017-08-04", "DJIA": "22092.81"}, {"DATE": "2017-08-07", "DJIA": "22118.42"}, {"DATE": "2017-08-08", "DJIA": "22085.34"}, {"DATE": "2017-08-09", "DJIA": "22048.70"}, {"DATE": "2017-08-10", "DJIA": "21844.01"}, {"DATE": "2017-08-11", "DJIA": "21858.32"}, {"DATE": "2017-08-14", "DJIA": "21993.71"}, {"DATE": "2017-08-15", "DJIA": "21998.99"}, {"DATE": "2017-08-16", "DJIA": "22024.87"}, {"DATE": "2017-08-17", "DJIA": "21750.73"}, {"DATE": "2017-08-18", "DJIA": "21674.51"}, {"DATE": "2017-08-21", "DJIA": "21703.75"}, {"DATE": "2017-08-22", "DJIA": "21899.89"}, {"DATE": "2017-08-23", "DJIA": "21812.09"}, {"DATE": "2017-08-24", "DJIA": "21783.40"}, {"DATE": "2017-08-25", "DJIA": "21813.67"}, {"DATE": "2017-08-28", "DJIA": "21808.40"}, {"DATE": "2017-08-29", "DJIA": "21865.37"}, {"DATE": "2017-08-30", "DJIA": "21892.43"}, {"DATE": "2017-08-31", "DJIA": "21948.10"}, {"DATE": "2017-09-01", "DJIA": "21987.56"}, {"DATE": "2017-09-04", "DJIA": "."}, {"DATE": "2017-09-05", "DJIA": "21753.31"}, {"DATE": "2017-09-06", "DJIA": "21807.64"}, {"DATE": "2017-09-07", "DJIA": "21784.78"}, {"DATE": "2017-09-08", "DJIA": "21797.79"}, {"DATE": "2017-09-11", "DJIA": "22057.37"}, {"DATE": "2017-09-12", "DJIA": "22118.86"}, {"DATE": "2017-09-13", "DJIA": "22158.18"}, {"DATE": "2017-09-14", "DJIA": "22203.48"}, {"DATE": "2017-09-15", "DJIA": "22268.34"}, {"DATE": "2017-09-18", "DJIA": "22331.35"}, {"DATE": "2017-09-19", "DJIA": "22370.80"}, {"DATE": "2017-09-20", "DJIA": "22412.59"}, {"DATE": "2017-09-21", "DJIA": "22359.23"}, {"DATE": "2017-09-22", "DJIA": "22349.59"}, {"DATE": "2017-09-25", "DJIA": "22296.09"}, {"DATE": "2017-09-26", "DJIA": "22284.32"}, {"DATE": "2017-09-27", "DJIA": "22340.71"}, {"DATE": "2017-09-28", "DJIA": "22381.20"}, {"DATE": "2017-09-29", "DJIA": "22405.09"}, {"DATE": "2017-10-02", "DJIA": "22557.60"}, {"DATE": "2017-10-03", "DJIA": "22641.67"}, {"DATE": "2017-10-04", "DJIA": "22661.64"}, {"DATE": "2017-10-05", "DJIA": "22775.39"}, {"DATE": "2017-10-06", "DJIA": "22773.67"}, {"DATE": "2017-10-09", "DJIA": "22761.07"}, {"DATE": "2017-10-10", "DJIA": "22830.68"}, {"DATE": "2017-10-11", "DJIA": "22872.89"}, {"DATE": "2017-10-12", "DJIA": "22841.01"}, {"DATE": "2017-10-13", "DJIA": "22871.72"}, {"DATE": "2017-10-16", "DJIA": "22956.96"}, {"DATE": "2017-10-17", "DJIA": "22997.44"}, {"DATE": "2017-10-18", "DJIA": "23157.60"}, {"DATE": "2017-10-19", "DJIA": "23163.04"}, {"DATE": "2017-10-20", "DJIA": "23328.63"}, {"DATE": "2017-10-23", "DJIA": "23273.96"}, {"DATE": "2017-10-24", "DJIA": "23441.76"}, {"DATE": "2017-10-25", "DJIA": "23329.46"}, {"DATE": "2017-10-26", "DJIA": "23400.86"}, {"DATE": "2017-10-27", "DJIA": "23434.19"}, {"DATE": "2017-10-30", "DJIA": "23348.74"}, {"DATE": "2017-10-31", "DJIA": "23377.24"}, {"DATE": "2017-11-01", "DJIA": "23435.01"}, {"DATE": "2017-11-02", "DJIA": "23516.26"}, {"DATE": "2017-11-03", "DJIA": "23539.19"}, {"DATE": "2017-11-06", "DJIA": "23548.42"}, {"DATE": "2017-11-07", "DJIA": "23557.23"}, {"DATE": "2017-11-08", "DJIA": "23563.36"}, {"DATE": "2017-11-09", "DJIA": "23461.94"}, {"DATE": "2017-11-10", "DJIA": "23422.21"}, {"DATE": "2017-11-13", "DJIA": "23439.70"}, {"DATE": "2017-11-14", "DJIA": "23409.47"}, {"DATE": "2017-11-15", "DJIA": "23271.28"}, {"DATE": "2017-11-16", "DJIA": "23458.36"}, {"DATE": "2017-11-17", "DJIA": "23358.24"}, {"DATE": "2017-11-20", "DJIA": "23430.33"}, {"DATE": "2017-11-21", "DJIA": "23590.83"}, {"DATE": "2017-11-22", "DJIA": "23526.18"}, {"DATE": "2017-11-23", "DJIA": "."}, {"DATE": "2017-11-24", "DJIA": "23557.99"}, {"DATE": "2017-11-27", "DJIA": "23580.78"}, {"DATE": "2017-11-28", "DJIA": "23836.71"}, {"DATE": "2017-11-29", "DJIA": "23940.68"}, {"DATE": "2017-11-30", "DJIA": "24272.35"}, {"DATE": "2017-12-01", "DJIA": "24231.59"}, {"DATE": "2017-12-04", "DJIA": "24290.05"}, {"DATE": "2017-12-05", "DJIA": "24180.64"}, {"DATE": "2017-12-06", "DJIA": "24140.91"}, {"DATE": "2017-12-07", "DJIA": "24211.48"}, {"DATE": "2017-12-08", "DJIA": "24329.16"}, {"DATE": "2017-12-11", "DJIA": "24386.03"}, {"DATE": "2017-12-12", "DJIA": "24504.80"}, {"DATE": "2017-12-13", "DJIA": "24585.43"}, {"DATE": "2017-12-14", "DJIA": "24508.66"}, {"DATE": "2017-12-15", "DJIA": "24651.74"}, {"DATE": "2017-12-18", "DJIA": "24792.20"}, {"DATE": "2017-12-19", "DJIA": "24754.75"}, {"DATE": "2017-12-20", "DJIA": "24726.65"}, {"DATE": "2017-12-21", "DJIA": "24782.29"}, {"DATE": "2017-12-22", "DJIA": "24754.06"}, {"DATE": "2017-12-25", "DJIA": "."}, {"DATE": "2017-12-26", "DJIA": "24746.21"}, {"DATE": "2017-12-27", "DJIA": "24774.30"}, {"DATE": "2017-12-28", "DJIA": "24837.51"}, {"DATE": "2017-12-29", "DJIA": "24719.22"}, {"DATE": "2018-01-01", "DJIA": "."}, {"DATE": "2018-01-02", "DJIA": "24824.01"}, {"DATE": "2018-01-03", "DJIA": "24922.68"}, {"DATE": "2018-01-04", "DJIA": "25075.13"}, {"DATE": "2018-01-05", "DJIA": "25295.87"}, {"DATE": "2018-01-08", "DJIA": "25283.00"}, {"DATE": "2018-01-09", "DJIA": "25385.80"}, {"DATE": "2018-01-10", "DJIA": "25369.13"}, {"DATE": "2018-01-11", "DJIA": "25574.73"}, {"DATE": "2018-01-12", "DJIA": "25803.19"}, {"DATE": "2018-01-15", "DJIA": "."}, {"DATE": "2018-01-16", "DJIA": "25792.86"}, {"DATE": "2018-01-17", "DJIA": "26115.65"}, {"DATE": "2018-01-18", "DJIA": "26017.81"}, {"DATE": "2018-01-19", "DJIA": "26071.72"}, {"DATE": "2018-01-22", "DJIA": "26214.60"}, {"DATE": "2018-01-23", "DJIA": "26210.81"}, {"DATE": "2018-01-24", "DJIA": "26252.12"}, {"DATE": "2018-01-25", "DJIA": "26392.79"}, {"DATE": "2018-01-26", "DJIA": "26616.71"}, {"DATE": "2018-01-29", "DJIA": "26439.48"}, {"DATE": "2018-01-30", "DJIA": "26076.89"}, {"DATE": "2018-01-31", "DJIA": "26149.39"}, {"DATE": "2018-02-01", "DJIA": "26186.71"}, {"DATE": "2018-02-02", "DJIA": "25520.96"}, {"DATE": "2018-02-05", "DJIA": "24345.75"}, {"DATE": "2018-02-06", "DJIA": "24912.77"}, {"DATE": "2018-02-07", "DJIA": "24893.35"}, {"DATE": "2018-02-08", "DJIA": "23860.46"}, {"DATE": "2018-02-09", "DJIA": "24190.90"}, {"DATE": "2018-02-12", "DJIA": "24601.27"}, {"DATE": "2018-02-13", "DJIA": "24640.45"}, {"DATE": "2018-02-14", "DJIA": "24893.49"}, {"DATE": "2018-02-15", "DJIA": "25200.37"}, {"DATE": "2018-02-16", "DJIA": "25219.38"}, {"DATE": "2018-02-19", "DJIA": "."}, {"DATE": "2018-02-20", "DJIA": "24964.75"}, {"DATE": "2018-02-21", "DJIA": "24797.78"}, {"DATE": "2018-02-22", "DJIA": "24962.48"}, {"DATE": "2018-02-23", "DJIA": "25309.99"}, {"DATE": "2018-02-26", "DJIA": "25709.27"}, {"DATE": "2018-02-27", "DJIA": "25410.03"}, {"DATE": "2018-02-28", "DJIA": "25029.20"}, {"DATE": "2018-03-01", "DJIA": "24608.98"}, {"DATE": "2018-03-02", "DJIA": "24538.06"}, {"DATE": "2018-03-05", "DJIA": "24874.76"}, {"DATE": "2018-03-06", "DJIA": "24884.12"}, {"DATE": "2018-03-07", "DJIA": "24801.36"}, {"DATE": "2018-03-08", "DJIA": "24895.21"}, {"DATE": "2018-03-09", "DJIA": "25335.74"}, {"DATE": "2018-03-12", "DJIA": "25178.61"}, {"DATE": "2018-03-13", "DJIA": "25007.03"}, {"DATE": "2018-03-14", "DJIA": "24758.12"}, {"DATE": "2018-03-15", "DJIA": "24873.66"}, {"DATE": "2018-03-16", "DJIA": "24946.51"}, {"DATE": "2018-03-19", "DJIA": "24610.91"}, {"DATE": "2018-03-20", "DJIA": "24727.27"}, {"DATE": "2018-03-21", "DJIA": "24682.31"}, {"DATE": "2018-03-22", "DJIA": "23957.89"}, {"DATE": "2018-03-23", "DJIA": "23533.20"}, {"DATE": "2018-03-26", "DJIA": "24202.60"}, {"DATE": "2018-03-27", "DJIA": "23857.71"}, {"DATE": "2018-03-28", "DJIA": "23848.42"}, {"DATE": "2018-03-29", "DJIA": "24103.11"}, {"DATE": "2018-03-30", "DJIA": "."}, {"DATE": "2018-04-02", "DJIA": "23644.19"}, {"DATE": "2018-04-03", "DJIA": "24033.36"}, {"DATE": "2018-04-04", "DJIA": "24264.30"}, {"DATE": "2018-04-05", "DJIA": "24505.22"}, {"DATE": "2018-04-06", "DJIA": "23932.76"}, {"DATE": "2018-04-09", "DJIA": "23979.10"}, {"DATE": "2018-04-10", "DJIA": "24408.00"}, {"DATE": "2018-04-11", "DJIA": "24189.45"}, {"DATE": "2018-04-12", "DJIA": "24483.05"}, {"DATE": "2018-04-13", "DJIA": "24360.14"}, {"DATE": "2018-04-16", "DJIA": "24573.04"}, {"DATE": "2018-04-17", "DJIA": "24786.63"}, {"DATE": "2018-04-18", "DJIA": "24748.07"}, {"DATE": "2018-04-19", "DJIA": "24664.89"}, {"DATE": "2018-04-20", "DJIA": "24462.94"}, {"DATE": "2018-04-23", "DJIA": "24448.69"}, {"DATE": "2018-04-24", "DJIA": "24024.13"}, {"DATE": "2018-04-25", "DJIA": "24083.83"}, {"DATE": "2018-04-26", "DJIA": "24322.34"}, {"DATE": "2018-04-27", "DJIA": "24311.19"}, {"DATE": "2018-04-30", "DJIA": "24163.15"}, {"DATE": "2018-05-01", "DJIA": "24099.05"}, {"DATE": "2018-05-02", "DJIA": "23924.98"}, {"DATE": "2018-05-03", "DJIA": "23930.15"}, {"DATE": "2018-05-04", "DJIA": "24262.51"}, {"DATE": "2018-05-07", "DJIA": "24357.32"}, {"DATE": "2018-05-08", "DJIA": "24360.21"}, {"DATE": "2018-05-09", "DJIA": "24542.54"}, {"DATE": "2018-05-10", "DJIA": "24739.53"}, {"DATE": "2018-05-11", "DJIA": "24831.17"}, {"DATE": "2018-05-14", "DJIA": "24899.41"}, {"DATE": "2018-05-15", "DJIA": "24706.41"}, {"DATE": "2018-05-16", "DJIA": "24768.93"}, {"DATE": "2018-05-17", "DJIA": "24713.98"}, {"DATE": "2018-05-18", "DJIA": "24715.09"}, {"DATE": "2018-05-21", "DJIA": "25013.29"}, {"DATE": "2018-05-22", "DJIA": "24834.41"}, {"DATE": "2018-05-23", "DJIA": "24886.81"}, {"DATE": "2018-05-24", "DJIA": "24811.76"}, {"DATE": "2018-05-25", "DJIA": "24753.09"}, {"DATE": "2018-05-28", "DJIA": "."}, {"DATE": "2018-05-29", "DJIA": "24361.45"}]