[{"DATE": "DATE", "NASDAQ": "NASDAQ"}, {"DATE": "2017-01-20", "NASDAQ": "5555.33"}, {"DATE": "2017-01-23", "NASDAQ": "5552.94"}, {"DATE": "2017-01-24", "NASDAQ": "5600.96"}, {"DATE": "2017-01-25", "NASDAQ": "5656.34"}, {"DATE": "2017-01-26", "NASDAQ": "5655.18"}, {"DATE": "2017-01-27", "NASDAQ": "5660.78"}, {"DATE": "2017-01-30", "NASDAQ": "5613.71"}, {"DATE": "2017-01-31", "NASDAQ": "5614.79"}, {"DATE": "2017-02-01", "NASDAQ": "5642.65"}, {"DATE": "2017-02-02", "NASDAQ": "5636.20"}, {"DATE": "2017-02-03", "NASDAQ": "5666.77"}, {"DATE": "2017-02-06", "NASDAQ": "5663.55"}, {"DATE": "2017-02-07", "NASDAQ": "5674.22"}, {"DATE": "2017-02-08", "NASDAQ": "5682.45"}, {"DATE": "2017-02-09", "NASDAQ": "5715.18"}, {"DATE": "2017-02-10", "NASDAQ": "5734.13"}, {"DATE": "2017-02-13", "NASDAQ": "5763.96"}, {"DATE": "2017-02-14", "NASDAQ": "5782.57"}, {"DATE": "2017-02-15", "NASDAQ": "5819.44"}, {"DATE": "2017-02-16", "NASDAQ": "5814.90"}, {"DATE": "2017-02-17", "NASDAQ": "5838.58"}, {"DATE": "2017-02-20", "NASDAQ": "."}, {"DATE": "2017-02-21", "NASDAQ": "5865.95"}, {"DATE": "2017-02-22", "NASDAQ": "5860.63"}, {"DATE": "2017-02-23", "NASDAQ": "5835.51"}, {"DATE": "2017-02-24", "NASDAQ": "5845.31"}, {"DATE": "2017-02-27", "NASDAQ": "5861.90"}, {"DATE": "2017-02-28", "NASDAQ": "5825.44"}, {"DATE": "2017-03-01", "NASDAQ": "5904.03"}, {"DATE": "2017-03-02", "NASDAQ": "5861.22"}, {"DATE": "2017-03-03", "NASDAQ": "5870.75"}, {"DATE": "2017-03-06", "NASDAQ": "5849.17"}, {"DATE": "2017-03-07", "NASDAQ": "5833.93"}, {"DATE": "2017-03-08", "NASDAQ": "5837.55"}, {"DATE": "2017-03-09", "NASDAQ": "5838.81"}, {"DATE": "2017-03-10", "NASDAQ": "5861.73"}, {"DATE": "2017-03-13", "NASDAQ": "5875.78"}, {"DATE": "2017-03-14", "NASDAQ": "5856.82"}, {"DATE": "2017-03-15", "NASDAQ": "5900.05"}, {"DATE": "2017-03-16", "NASDAQ": "5900.76"}, {"DATE": "2017-03-17", "NASDAQ": "5901.00"}, {"DATE": "2017-03-20", "NASDAQ": "5901.53"}, {"DATE": "2017-03-21", "NASDAQ": "5793.83"}, {"DATE": "2017-03-22", "NASDAQ": "5821.64"}, {"DATE": "2017-03-23", "NASDAQ": "5817.69"}, {"DATE": "2017-03-24", "NASDAQ": "5828.74"}, {"DATE": "2017-03-27", "NASDAQ": "5840.37"}, {"DATE": "2017-03-28", "NASDAQ": "5875.14"}, {"DATE": "2017-03-29", "NASDAQ": "5897.55"}, {"DATE": "2017-03-30", "NASDAQ": "5914.34"}, {"DATE": "2017-03-31", "NASDAQ": "5911.74"}, {"DATE": "2017-04-03", "NASDAQ": "5894.68"}, {"DATE": "2017-04-04", "NASDAQ": "5898.61"}, {"DATE": "2017-04-05", "NASDAQ": "5864.48"}, {"DATE": "2017-04-06", "NASDAQ": "5878.95"}, {"DATE": "2017-04-07", "NASDAQ": "5877.81"}, {"DATE": "2017-04-10", "NASDAQ": "5880.93"}, {"DATE": "2017-04-11", "NASDAQ": "5866.77"}, {"DATE": "2017-04-12", "NASDAQ": "5836.16"}, {"DATE": "2017-04-13", "NASDAQ": "5805.15"}, {"DATE": "2017-04-14", "NASDAQ": "."}, {"DATE": "2017-04-17", "NASDAQ": "5856.79"}, {"DATE": "2017-04-18", "NASDAQ": "5849.47"}, {"DATE": "2017-04-19", "NASDAQ": "5863.03"}, {"DATE": "2017-04-20", "NASDAQ": "5916.78"}, {"DATE": "2017-04-21", "NASDAQ": "5910.52"}, {"DATE": "2017-04-24", "NASDAQ": "5983.82"}, {"DATE": "2017-04-25", "NASDAQ": "6025.49"}, {"DATE": "2017-04-26", "NASDAQ": "6025.23"}, {"DATE": "2017-04-27", "NASDAQ": "6048.94"}, {"DATE": "2017-04-28", "NASDAQ": "6047.61"}, {"DATE": "2017-05-01", "NASDAQ": "6091.60"}, {"DATE": "2017-05-02", "NASDAQ": "6095.37"}, {"DATE": "2017-05-03", "NASDAQ": "6072.55"}, {"DATE": "2017-05-04", "NASDAQ": "6075.34"}, {"DATE": "2017-05-05", "NASDAQ": "6100.76"}, {"DATE": "2017-05-08", "NASDAQ": "6102.66"}, {"DATE": "2017-05-09", "NASDAQ": "6120.59"}, {"DATE": "2017-05-10", "NASDAQ": "6129.14"}, {"DATE": "2017-05-11", "NASDAQ": "6115.96"}, {"DATE": "2017-05-12", "NASDAQ": "6121.23"}, {"DATE": "2017-05-15", "NASDAQ": "6149.67"}, {"DATE": "2017-05-16", "NASDAQ": "6169.87"}, {"DATE": "2017-05-17", "NASDAQ": "6011.24"}, {"DATE": "2017-05-18", "NASDAQ": "6055.13"}, {"DATE": "2017-05-19", "NASDAQ": "6083.70"}, {"DATE": "2017-05-22", "NASDAQ": "6133.62"}, {"DATE": "2017-05-23", "NASDAQ": "6138.71"}, {"DATE": "2017-05-24", "NASDAQ": "6163.02"}, {"DATE": "2017-05-25", "NASDAQ": "6205.26"}, {"DATE": "2017-05-26", "NASDAQ": "6210.19"}, {"DATE": "2017-05-29", "NASDAQ": "."}, {"DATE": "2017-05-30", "NASDAQ": "6203.19"}, {"DATE": "2017-05-31", "NASDAQ": "6198.52"}, {"DATE": "2017-06-01", "NASDAQ": "6246.83"}, {"DATE": "2017-06-02", "NASDAQ": "6305.80"}, {"DATE": "2017-06-05", "NASDAQ": "6295.68"}, {"DATE": "2017-06-06", "NASDAQ": "6275.06"}, {"DATE": "2017-06-07", "NASDAQ": "6297.38"}, {"DATE": "2017-06-08", "NASDAQ": "6321.76"}, {"DATE": "2017-06-09", "NASDAQ": "6207.92"}, {"DATE": "2017-06-12", "NASDAQ": "6175.46"}, {"DATE": "2017-06-13", "NASDAQ": "6220.37"}, {"DATE": "2017-06-14", "NASDAQ": "6194.89"}, {"DATE": "2017-06-15", "NASDAQ": "6165.50"}, {"DATE": "2017-06-16", "NASDAQ": "6151.76"}, {"DATE": "2017-06-19", "NASDAQ": "6239.01"}, {"DATE": "2017-06-20", "NASDAQ": "6188.03"}, {"DATE": "2017-06-21", "NASDAQ": "6233.95"}, {"DATE": "2017-06-22", "NASDAQ": "6236.69"}, {"DATE": "2017-06-23", "NASDAQ": "6265.25"}, {"DATE": "2017-06-26", "NASDAQ": "6247.15"}, {"DATE": "2017-06-27", "NASDAQ": "6146.62"}, {"DATE": "2017-06-28", "NASDAQ": "6234.41"}, {"DATE": "2017-06-29", "NASDAQ": "6144.35"}, {"DATE": "2017-06-30", "NASDAQ": "6140.42"}, {"DATE": "2017-07-03", "NASDAQ": "6110.06"}, {"DATE": "2017-07-04", "NASDAQ": "."}, {"DATE": "2017-07-05", "NASDAQ": "6150.86"}, {"DATE": "2017-07-06", "NASDAQ": "6089.46"}, {"DATE": "2017-07-07", "NASDAQ": "6153.08"}, {"DATE": "2017-07-10", "NASDAQ": "6176.39"}, {"DATE": "2017-07-11", "NASDAQ": "6193.30"}, {"DATE": "2017-07-12", "NASDAQ": "6261.17"}, {"DATE": "2017-07-13", "NASDAQ": "6274.44"}, {"DATE": "2017-07-14", "NASDAQ": "6312.47"}, {"DATE": "2017-07-17", "NASDAQ": "6314.43"}, {"DATE": "2017-07-18", "NASDAQ": "6344.31"}, {"DATE": "2017-07-19", "NASDAQ": "6385.04"}, {"DATE": "2017-07-20", "NASDAQ": "6390.00"}, {"DATE": "2017-07-21", "NASDAQ": "6387.75"}, {"DATE": "2017-07-24", "NASDAQ": "6410.81"}, {"DATE": "2017-07-25", "NASDAQ": "6412.17"}, {"DATE": "2017-07-26", "NASDAQ": "6422.75"}, {"DATE": "2017-07-27", "NASDAQ": "6382.19"}, {"DATE": "2017-07-28", "NASDAQ": "6374.68"}, {"DATE": "2017-07-31", "NASDAQ": "6348.12"}, {"DATE": "2017-08-01", "NASDAQ": "6362.94"}, {"DATE": "2017-08-02", "NASDAQ": "6362.65"}, {"DATE": "2017-08-03", "NASDAQ": "6340.34"}, {"DATE": "2017-08-04", "NASDAQ": "6351.56"}, {"DATE": "2017-08-07", "NASDAQ": "6383.77"}, {"DATE": "2017-08-08", "NASDAQ": "6370.46"}, {"DATE": "2017-08-09", "NASDAQ": "6352.33"}, {"DATE": "2017-08-10", "NASDAQ": "6216.87"}, {"DATE": "2017-08-11", "NASDAQ": "6256.56"}, {"DATE": "2017-08-14", "NASDAQ": "6340.23"}, {"DATE": "2017-08-15", "NASDAQ": "6333.01"}, {"DATE": "2017-08-16", "NASDAQ": "6345.11"}, {"DATE": "2017-08-17", "NASDAQ": "6221.91"}, {"DATE": "2017-08-18", "NASDAQ": "6216.53"}, {"DATE": "2017-08-21", "NASDAQ": "6213.13"}, {"DATE": "2017-08-22", "NASDAQ": "6297.48"}, {"DATE": "2017-08-23", "NASDAQ": "6278.41"}, {"DATE": "2017-08-24", "NASDAQ": "6271.33"}, {"DATE": "2017-08-25", "NASDAQ": "6265.64"}, {"DATE": "2017-08-28", "NASDAQ": "6283.02"}, {"DATE": "2017-08-29", "NASDAQ": "6301.89"}, {"DATE": "2017-08-30", "NASDAQ": "6368.31"}, {"DATE": "2017-08-31", "NASDAQ": "6428.66"}, {"DATE": "2017-09-01", "NASDAQ": "6435.33"}, {"DATE": "2017-09-04", "NASDAQ": "."}, {"DATE": "2017-09-05", "NASDAQ": "6375.57"}, {"DATE": "2017-09-06", "NASDAQ": "6393.31"}, {"DATE": "2017-09-07", "NASDAQ": "6397.87"}, {"DATE": "2017-09-08", "NASDAQ": "6360.19"}, {"DATE": "2017-09-11", "NASDAQ": "6432.26"}, {"DATE": "2017-09-12", "NASDAQ": "6454.28"}, {"DATE": "2017-09-13", "NASDAQ": "6460.19"}, {"DATE": "2017-09-14", "NASDAQ": "6429.08"}, {"DATE": "2017-09-15", "NASDAQ": "6448.47"}, {"DATE": "2017-09-18", "NASDAQ": "6454.64"}, {"DATE": "2017-09-19", "NASDAQ": "6461.32"}, {"DATE": "2017-09-20", "NASDAQ": "6456.04"}, {"DATE": "2017-09-21", "NASDAQ": "6422.69"}, {"DATE": "2017-09-22", "NASDAQ": "6426.92"}, {"DATE": "2017-09-25", "NASDAQ": "6370.59"}, {"DATE": "2017-09-26", "NASDAQ": "6380.16"}, {"DATE": "2017-09-27", "NASDAQ": "6453.26"}, {"DATE": "2017-09-28", "NASDAQ": "6453.45"}, {"DATE": "2017-09-29", "NASDAQ": "6495.96"}, {"DATE": "2017-10-02", "NASDAQ": "6516.72"}, {"DATE": "2017-10-03", "NASDAQ": "6531.71"}, {"DATE": "2017-10-04", "NASDAQ": "6534.63"}, {"DATE": "2017-10-05", "NASDAQ": "6585.36"}, {"DATE": "2017-10-06", "NASDAQ": "6590.18"}, {"DATE": "2017-10-09", "NASDAQ": "6579.73"}, {"DATE": "2017-10-10", "NASDAQ": "6587.25"}, {"DATE": "2017-10-11", "NASDAQ": "6603.55"}, {"DATE": "2017-10-12", "NASDAQ": "6591.51"}, {"DATE": "2017-10-13", "NASDAQ": "6605.80"}, {"DATE": "2017-10-16", "NASDAQ": "6624.00"}, {"DATE": "2017-10-17", "NASDAQ": "6623.66"}, {"DATE": "2017-10-18", "NASDAQ": "6624.22"}, {"DATE": "2017-10-19", "NASDAQ": "6605.07"}, {"DATE": "2017-10-20", "NASDAQ": "6629.05"}, {"DATE": "2017-10-23", "NASDAQ": "6586.83"}, {"DATE": "2017-10-24", "NASDAQ": "6598.43"}, {"DATE": "2017-10-25", "NASDAQ": "6563.89"}, {"DATE": "2017-10-26", "NASDAQ": "6556.77"}, {"DATE": "2017-10-27", "NASDAQ": "6701.26"}, {"DATE": "2017-10-30", "NASDAQ": "6698.96"}, {"DATE": "2017-10-31", "NASDAQ": "6727.67"}, {"DATE": "2017-11-01", "NASDAQ": "6716.53"}, {"DATE": "2017-11-02", "NASDAQ": "6714.94"}, {"DATE": "2017-11-03", "NASDAQ": "6764.44"}, {"DATE": "2017-11-06", "NASDAQ": "6786.44"}, {"DATE": "2017-11-07", "NASDAQ": "6767.78"}, {"DATE": "2017-11-08", "NASDAQ": "6789.12"}, {"DATE": "2017-11-09", "NASDAQ": "6750.05"}, {"DATE": "2017-11-10", "NASDAQ": "6750.94"}, {"DATE": "2017-11-13", "NASDAQ": "6757.60"}, {"DATE": "2017-11-14", "NASDAQ": "6737.87"}, {"DATE": "2017-11-15", "NASDAQ": "6706.21"}, {"DATE": "2017-11-16", "NASDAQ": "6793.29"}, {"DATE": "2017-11-17", "NASDAQ": "6782.79"}, {"DATE": "2017-11-20", "NASDAQ": "6790.71"}, {"DATE": "2017-11-21", "NASDAQ": "6862.48"}, {"DATE": "2017-11-22", "NASDAQ": "6867.36"}, {"DATE": "2017-11-23", "NASDAQ": "."}, {"DATE": "2017-11-24", "NASDAQ": "6889.16"}, {"DATE": "2017-11-27", "NASDAQ": "6878.52"}, {"DATE": "2017-11-28", "NASDAQ": "6912.36"}, {"DATE": "2017-11-29", "NASDAQ": "6824.39"}, {"DATE": "2017-11-30", "NASDAQ": "6873.97"}, {"DATE": "2017-12-01", "NASDAQ": "6847.59"}, {"DATE": "2017-12-04", "NASDAQ": "6775.37"}, {"DATE": "2017-12-05", "NASDAQ": "6762.21"}, {"DATE": "2017-12-06", "NASDAQ": "6776.38"}, {"DATE": "2017-12-07", "NASDAQ": "6812.84"}, {"DATE": "2017-12-08", "NASDAQ": "6840.08"}, {"DATE": "2017-12-11", "NASDAQ": "6875.08"}, {"DATE": "2017-12-12", "NASDAQ": "6862.32"}, {"DATE": "2017-12-13", "NASDAQ": "6875.80"}, {"DATE": "2017-12-14", "NASDAQ": "6856.53"}, {"DATE": "2017-12-15", "NASDAQ": "6936.58"}, {"DATE": "2017-12-18", "NASDAQ": "6994.76"}, {"DATE": "2017-12-19", "NASDAQ": "6963.85"}, {"DATE": "2017-12-20", "NASDAQ": "6960.96"}, {"DATE": "2017-12-21", "NASDAQ": "6965.36"}, {"DATE": "2017-12-22", "NASDAQ": "6959.96"}, {"DATE": "2017-12-25", "NASDAQ": "."}, {"DATE": "2017-12-26", "NASDAQ": "6936.25"}, {"DATE": "2017-12-27", "NASDAQ": "6939.34"}, {"DATE": "2017-12-28", "NASDAQ": "6950.16"}, {"DATE": "2017-12-29", "NASDAQ": "6903.39"}, {"DATE": "2018-01-01", "NASDAQ": "."}, {"DATE": "2018-01-02", "NASDAQ": "7006.90"}, {"DATE": "2018-01-03", "NASDAQ": "7065.53"}, {"DATE": "2018-01-04", "NASDAQ": "7077.91"}, {"DATE": "2018-01-05", "NASDAQ": "7136.56"}, {"DATE": "2018-01-08", "NASDAQ": "7157.39"}, {"DATE": "2018-01-09", "NASDAQ": "7163.58"}, {"DATE": "2018-01-10", "NASDAQ": "7153.57"}, {"DATE": "2018-01-11", "NASDAQ": "7211.78"}, {"DATE": "2018-01-12", "NASDAQ": "7261.06"}, {"DATE": "2018-01-15", "NASDAQ": "."}, {"DATE": "2018-01-16", "NASDAQ": "7223.69"}, {"DATE": "2018-01-17", "NASDAQ": "7298.28"}, {"DATE": "2018-01-18", "NASDAQ": "7296.05"}, {"DATE": "2018-01-19", "NASDAQ": "7336.38"}, {"DATE": "2018-01-22", "NASDAQ": "7408.03"}, {"DATE": "2018-01-23", "NASDAQ": "7460.29"}, {"DATE": "2018-01-24", "NASDAQ": "7415.06"}, {"DATE": "2018-01-25", "NASDAQ": "7411.16"}, {"DATE": "2018-01-26", "NASDAQ": "7505.77"}, {"DATE": "2018-01-29", "NASDAQ": "7466.51"}, {"DATE": "2018-01-30", "NASDAQ": "7402.48"}, {"DATE": "2018-01-31", "NASDAQ": "7411.48"}, {"DATE": "2018-02-01", "NASDAQ": "7385.86"}, {"DATE": "2018-02-02", "NASDAQ": "7240.95"}, {"DATE": "2018-02-05", "NASDAQ": "6967.53"}, {"DATE": "2018-02-06", "NASDAQ": "7115.88"}, {"DATE": "2018-02-07", "NASDAQ": "7051.98"}, {"DATE": "2018-02-08", "NASDAQ": "6777.16"}, {"DATE": "2018-02-09", "NASDAQ": "6874.49"}, {"DATE": "2018-02-12", "NASDAQ": "6981.96"}, {"DATE": "2018-02-13", "NASDAQ": "7013.51"}, {"DATE": "2018-02-14", "NASDAQ": "7143.62"}, {"DATE": "2018-02-15", "NASDAQ": "7256.43"}, {"DATE": "2018-02-16", "NASDAQ": "7239.47"}, {"DATE": "2018-02-19", "NASDAQ": "."}, {"DATE": "2018-02-20", "NASDAQ": "7234.31"}, {"DATE": "2018-02-21", "NASDAQ": "7218.23"}, {"DATE": "2018-02-22", "NASDAQ": "7210.09"}, {"DATE": "2018-02-23", "NASDAQ": "7337.39"}, {"DATE": "2018-02-26", "NASDAQ": "7421.46"}, {"DATE": "2018-02-27", "NASDAQ": "7330.35"}, {"DATE": "2018-02-28", "NASDAQ": "7273.01"}, {"DATE": "2018-03-01", "NASDAQ": "7180.56"}, {"DATE": "2018-03-02", "NASDAQ": "7257.87"}, {"DATE": "2018-03-05", "NASDAQ": "7330.70"}, {"DATE": "2018-03-06", "NASDAQ": "7372.01"}, {"DATE": "2018-03-07", "NASDAQ": "7396.65"}, {"DATE": "2018-03-08", "NASDAQ": "7427.95"}, {"DATE": "2018-03-09", "NASDAQ": "7560.81"}, {"DATE": "2018-03-12", "NASDAQ": "7588.32"}, {"DATE": "2018-03-13", "NASDAQ": "7511.01"}, {"DATE": "2018-03-14", "NASDAQ": "7496.81"}, {"DATE": "2018-03-15", "NASDAQ": "7481.74"}, {"DATE": "2018-03-16", "NASDAQ": "7481.99"}, {"DATE": "2018-03-19", "NASDAQ": "7344.24"}, {"DATE": "2018-03-20", "NASDAQ": "7364.30"}, {"DATE": "2018-03-21", "NASDAQ": "7345.29"}, {"DATE": "2018-03-22", "NASDAQ": "7166.68"}, {"DATE": "2018-03-23", "NASDAQ": "6992.67"}, {"DATE": "2018-03-26", "NASDAQ": "7220.54"}, {"DATE": "2018-03-27", "NASDAQ": "7008.81"}, {"DATE": "2018-03-28", "NASDAQ": "6949.23"}, {"DATE": "2018-03-29", "NASDAQ": "7063.44"}, {"DATE": "2018-03-30", "NASDAQ": "."}, {"DATE": "2018-04-02", "NASDAQ": "6870.12"}, {"DATE": "2018-04-03", "NASDAQ": "6941.28"}, {"DATE": "2018-04-04", "NASDAQ": "7042.11"}, {"DATE": "2018-04-05", "NASDAQ": "7076.55"}, {"DATE": "2018-04-06", "NASDAQ": "6915.11"}, {"DATE": "2018-04-09", "NASDAQ": "6950.34"}, {"DATE": "2018-04-10", "NASDAQ": "7094.30"}, {"DATE": "2018-04-11", "NASDAQ": "7069.03"}, {"DATE": "2018-04-12", "NASDAQ": "7140.25"}, {"DATE": "2018-04-13", "NASDAQ": "7106.65"}, {"DATE": "2018-04-16", "NASDAQ": "7156.28"}, {"DATE": "2018-04-17", "NASDAQ": "7281.10"}, {"DATE": "2018-04-18", "NASDAQ": "7295.24"}, {"DATE": "2018-04-19", "NASDAQ": "7238.06"}, {"DATE": "2018-04-20", "NASDAQ": "7146.13"}, {"DATE": "2018-04-23", "NASDAQ": "7128.60"}, {"DATE": "2018-04-24", "NASDAQ": "7007.35"}, {"DATE": "2018-04-25", "NASDAQ": "7003.74"}, {"DATE": "2018-04-26", "NASDAQ": "7118.68"}, {"DATE": "2018-04-27", "NASDAQ": "7119.80"}, {"DATE": "2018-04-30", "NASDAQ": "7066.27"}, {"DATE": "2018-05-01", "NASDAQ": "7130.70"}, {"DATE": "2018-05-02", "NASDAQ": "7100.90"}, {"DATE": "2018-05-03", "NASDAQ": "7088.15"}, {"DATE": "2018-05-04", "NASDAQ": "7209.62"}, {"DATE": "2018-05-07", "NASDAQ": "7265.21"}, {"DATE": "2018-05-08", "NASDAQ": "7266.90"}, {"DATE": "2018-05-09", "NASDAQ": "7339.91"}, {"DATE": "2018-05-10", "NASDAQ": "7404.97"}, {"DATE": "2018-05-11", "NASDAQ": "7402.88"}, {"DATE": "2018-05-14", "NASDAQ": "7411.32"}, {"DATE": "2018-05-15", "NASDAQ": "7351.63"}, {"DATE": "2018-05-16", "NASDAQ": "7398.30"}, {"DATE": "2018-05-17", "NASDAQ": "7382.47"}, {"DATE": "2018-05-18", "NASDAQ": "7354.34"}, {"DATE": "2018-05-21", "NASDAQ": "7394.04"}, {"DATE": "2018-05-22", "NASDAQ": "7378.46"}, {"DATE": "2018-05-23", "NASDAQ": "7425.96"}, {"DATE": "2018-05-24", "NASDAQ": "7424.43"}, {"DATE": "2018-05-25", "NASDAQ": "7433.85"}, {"DATE": "2018-05-28", "NASDAQ": "."}, {"DATE": "2018-05-29", "NASDAQ": "7396.59"}]