[{"DATE": "DATE", "CBOE Volatility Index": "CBOE Volatility Index"}, {"DATE": "2017-01-20", "CBOE Volatility Index": "11.54"}, {"DATE": "2017-01-23", "CBOE Volatility Index": "11.77"}, {"DATE": "2017-01-24", "CBOE Volatility Index": "11.07"}, {"DATE": "2017-01-25", "CBOE Volatility Index": "10.81"}, {"DATE": "2017-01-26", "CBOE Volatility Index": "10.63"}, {"DATE": "2017-01-27", "CBOE Volatility Index": "10.58"}, {"DATE": "2017-01-30", "CBOE Volatility Index": "11.88"}, {"DATE": "2017-01-31", "CBOE Volatility Index": "11.99"}, {"DATE": "2017-02-01", "CBOE Volatility Index": "11.81"}, {"DATE": "2017-02-02", "CBOE Volatility Index": "11.93"}, {"DATE": "2017-02-03", "CBOE Volatility Index": "10.97"}, {"DATE": "2017-02-06", "CBOE Volatility Index": "11.37"}, {"DATE": "2017-02-07", "CBOE Volatility Index": "11.29"}, {"DATE": "2017-02-08", "CBOE Volatility Index": "11.45"}, {"DATE": "2017-02-09", "CBOE Volatility Index": "10.88"}, {"DATE": "2017-02-10", "CBOE Volatility Index": "10.85"}, {"DATE": "2017-02-13", "CBOE Volatility Index": "11.07"}, {"DATE": "2017-02-14", "CBOE Volatility Index": "10.74"}, {"DATE": "2017-02-15", "CBOE Volatility Index": "11.97"}, {"DATE": "2017-02-16", "CBOE Volatility Index": "11.76"}, {"DATE": "2017-02-17", "CBOE Volatility Index": "11.49"}, {"DATE": "2017-02-20", "CBOE Volatility Index": "."}, {"DATE": "2017-02-21", "CBOE Volatility Index": "11.57"}, {"DATE": "2017-02-22", "CBOE Volatility Index": "11.74"}, {"DATE": "2017-02-23", "CBOE Volatility Index": "11.71"}, {"DATE": "2017-02-24", "CBOE Volatility Index": "11.47"}, {"DATE": "2017-02-27", "CBOE Volatility Index": "12.09"}, {"DATE": "2017-02-28", "CBOE Volatility Index": "12.92"}, {"DATE": "2017-03-01", "CBOE Volatility Index": "12.54"}, {"DATE": "2017-03-02", "CBOE Volatility Index": "11.81"}, {"DATE": "2017-03-03", "CBOE Volatility Index": "10.96"}, {"DATE": "2017-03-06", "CBOE Volatility Index": "11.24"}, {"DATE": "2017-03-07", "CBOE Volatility Index": "11.45"}, {"DATE": "2017-03-08", "CBOE Volatility Index": "11.86"}, {"DATE": "2017-03-09", "CBOE Volatility Index": "12.30"}, {"DATE": "2017-03-10", "CBOE Volatility Index": "11.66"}, {"DATE": "2017-03-13", "CBOE Volatility Index": "11.35"}, {"DATE": "2017-03-14", "CBOE Volatility Index": "12.30"}, {"DATE": "2017-03-15", "CBOE Volatility Index": "11.63"}, {"DATE": "2017-03-16", "CBOE Volatility Index": "11.21"}, {"DATE": "2017-03-17", "CBOE Volatility Index": "11.28"}, {"DATE": "2017-03-20", "CBOE Volatility Index": "11.34"}, {"DATE": "2017-03-21", "CBOE Volatility Index": "12.47"}, {"DATE": "2017-03-22", "CBOE Volatility Index": "12.81"}, {"DATE": "2017-03-23", "CBOE Volatility Index": "13.12"}, {"DATE": "2017-03-24", "CBOE Volatility Index": "12.96"}, {"DATE": "2017-03-27", "CBOE Volatility Index": "12.50"}, {"DATE": "2017-03-28", "CBOE Volatility Index": "11.53"}, {"DATE": "2017-03-29", "CBOE Volatility Index": "11.42"}, {"DATE": "2017-03-30", "CBOE Volatility Index": "11.54"}, {"DATE": "2017-03-31", "CBOE Volatility Index": "12.37"}, {"DATE": "2017-04-03", "CBOE Volatility Index": "12.38"}, {"DATE": "2017-04-04", "CBOE Volatility Index": "11.79"}, {"DATE": "2017-04-05", "CBOE Volatility Index": "12.89"}, {"DATE": "2017-04-06", "CBOE Volatility Index": "12.39"}, {"DATE": "2017-04-07", "CBOE Volatility Index": "12.87"}, {"DATE": "2017-04-10", "CBOE Volatility Index": "14.05"}, {"DATE": "2017-04-11", "CBOE Volatility Index": "15.07"}, {"DATE": "2017-04-12", "CBOE Volatility Index": "15.77"}, {"DATE": "2017-04-13", "CBOE Volatility Index": "15.96"}, {"DATE": "2017-04-14", "CBOE Volatility Index": "."}, {"DATE": "2017-04-17", "CBOE Volatility Index": "14.66"}, {"DATE": "2017-04-18", "CBOE Volatility Index": "14.42"}, {"DATE": "2017-04-19", "CBOE Volatility Index": "14.93"}, {"DATE": "2017-04-20", "CBOE Volatility Index": "14.15"}, {"DATE": "2017-04-21", "CBOE Volatility Index": "14.63"}, {"DATE": "2017-04-24", "CBOE Volatility Index": "10.84"}, {"DATE": "2017-04-25", "CBOE Volatility Index": "10.76"}, {"DATE": "2017-04-26", "CBOE Volatility Index": "10.85"}, {"DATE": "2017-04-27", "CBOE Volatility Index": "10.36"}, {"DATE": "2017-04-28", "CBOE Volatility Index": "10.82"}, {"DATE": "2017-05-01", "CBOE Volatility Index": "10.11"}, {"DATE": "2017-05-02", "CBOE Volatility Index": "10.59"}, {"DATE": "2017-05-03", "CBOE Volatility Index": "10.68"}, {"DATE": "2017-05-04", "CBOE Volatility Index": "10.46"}, {"DATE": "2017-05-05", "CBOE Volatility Index": "10.57"}, {"DATE": "2017-05-08", "CBOE Volatility Index": "9.77"}, {"DATE": "2017-05-09", "CBOE Volatility Index": "9.96"}, {"DATE": "2017-05-10", "CBOE Volatility Index": "10.21"}, {"DATE": "2017-05-11", "CBOE Volatility Index": "10.60"}, {"DATE": "2017-05-12", "CBOE Volatility Index": "10.40"}, {"DATE": "2017-05-15", "CBOE Volatility Index": "10.42"}, {"DATE": "2017-05-16", "CBOE Volatility Index": "10.65"}, {"DATE": "2017-05-17", "CBOE Volatility Index": "15.59"}, {"DATE": "2017-05-18", "CBOE Volatility Index": "14.66"}, {"DATE": "2017-05-19", "CBOE Volatility Index": "12.04"}, {"DATE": "2017-05-22", "CBOE Volatility Index": "10.93"}, {"DATE": "2017-05-23", "CBOE Volatility Index": "10.72"}, {"DATE": "2017-05-24", "CBOE Volatility Index": "10.02"}, {"DATE": "2017-05-25", "CBOE Volatility Index": "9.99"}, {"DATE": "2017-05-26", "CBOE Volatility Index": "9.81"}, {"DATE": "2017-05-29", "CBOE Volatility Index": "."}, {"DATE": "2017-05-30", "CBOE Volatility Index": "10.38"}, {"DATE": "2017-05-31", "CBOE Volatility Index": "10.41"}, {"DATE": "2017-06-01", "CBOE Volatility Index": "9.89"}, {"DATE": "2017-06-02", "CBOE Volatility Index": "9.75"}, {"DATE": "2017-06-05", "CBOE Volatility Index": "10.07"}, {"DATE": "2017-06-06", "CBOE Volatility Index": "10.45"}, {"DATE": "2017-06-07", "CBOE Volatility Index": "10.39"}, {"DATE": "2017-06-08", "CBOE Volatility Index": "10.16"}, {"DATE": "2017-06-09", "CBOE Volatility Index": "10.70"}, {"DATE": "2017-06-12", "CBOE Volatility Index": "11.46"}, {"DATE": "2017-06-13", "CBOE Volatility Index": "10.42"}, {"DATE": "2017-06-14", "CBOE Volatility Index": "10.64"}, {"DATE": "2017-06-15", "CBOE Volatility Index": "10.90"}, {"DATE": "2017-06-16", "CBOE Volatility Index": "10.38"}, {"DATE": "2017-06-19", "CBOE Volatility Index": "10.37"}, {"DATE": "2017-06-20", "CBOE Volatility Index": "10.86"}, {"DATE": "2017-06-21", "CBOE Volatility Index": "10.75"}, {"DATE": "2017-06-22", "CBOE Volatility Index": "10.48"}, {"DATE": "2017-06-23", "CBOE Volatility Index": "10.02"}, {"DATE": "2017-06-26", "CBOE Volatility Index": "9.90"}, {"DATE": "2017-06-27", "CBOE Volatility Index": "11.06"}, {"DATE": "2017-06-28", "CBOE Volatility Index": "10.03"}, {"DATE": "2017-06-29", "CBOE Volatility Index": "11.44"}, {"DATE": "2017-06-30", "CBOE Volatility Index": "11.18"}, {"DATE": "2017-07-03", "CBOE Volatility Index": "11.22"}, {"DATE": "2017-07-04", "CBOE Volatility Index": "."}, {"DATE": "2017-07-05", "CBOE Volatility Index": "11.07"}, {"DATE": "2017-07-06", "CBOE Volatility Index": "12.54"}, {"DATE": "2017-07-07", "CBOE Volatility Index": "11.19"}, {"DATE": "2017-07-10", "CBOE Volatility Index": "11.11"}, {"DATE": "2017-07-11", "CBOE Volatility Index": "10.89"}, {"DATE": "2017-07-12", "CBOE Volatility Index": "10.30"}, {"DATE": "2017-07-13", "CBOE Volatility Index": "9.90"}, {"DATE": "2017-07-14", "CBOE Volatility Index": "9.51"}, {"DATE": "2017-07-17", "CBOE Volatility Index": "9.82"}, {"DATE": "2017-07-18", "CBOE Volatility Index": "9.89"}, {"DATE": "2017-07-19", "CBOE Volatility Index": "9.79"}, {"DATE": "2017-07-20", "CBOE Volatility Index": "9.58"}, {"DATE": "2017-07-21", "CBOE Volatility Index": "9.36"}, {"DATE": "2017-07-24", "CBOE Volatility Index": "9.43"}, {"DATE": "2017-07-25", "CBOE Volatility Index": "9.43"}, {"DATE": "2017-07-26", "CBOE Volatility Index": "9.60"}, {"DATE": "2017-07-27", "CBOE Volatility Index": "10.11"}, {"DATE": "2017-07-28", "CBOE Volatility Index": "10.29"}, {"DATE": "2017-07-31", "CBOE Volatility Index": "10.26"}, {"DATE": "2017-08-01", "CBOE Volatility Index": "10.09"}, {"DATE": "2017-08-02", "CBOE Volatility Index": "10.28"}, {"DATE": "2017-08-03", "CBOE Volatility Index": "10.44"}, {"DATE": "2017-08-04", "CBOE Volatility Index": "10.03"}, {"DATE": "2017-08-07", "CBOE Volatility Index": "9.93"}, {"DATE": "2017-08-08", "CBOE Volatility Index": "10.96"}, {"DATE": "2017-08-09", "CBOE Volatility Index": "11.11"}, {"DATE": "2017-08-10", "CBOE Volatility Index": "16.04"}, {"DATE": "2017-08-11", "CBOE Volatility Index": "15.51"}, {"DATE": "2017-08-14", "CBOE Volatility Index": "12.33"}, {"DATE": "2017-08-15", "CBOE Volatility Index": "12.04"}, {"DATE": "2017-08-16", "CBOE Volatility Index": "11.74"}, {"DATE": "2017-08-17", "CBOE Volatility Index": "15.55"}, {"DATE": "2017-08-18", "CBOE Volatility Index": "14.26"}, {"DATE": "2017-08-21", "CBOE Volatility Index": "13.19"}, {"DATE": "2017-08-22", "CBOE Volatility Index": "11.35"}, {"DATE": "2017-08-23", "CBOE Volatility Index": "12.25"}, {"DATE": "2017-08-24", "CBOE Volatility Index": "12.23"}, {"DATE": "2017-08-25", "CBOE Volatility Index": "11.28"}, {"DATE": "2017-08-28", "CBOE Volatility Index": "11.32"}, {"DATE": "2017-08-29", "CBOE Volatility Index": "11.70"}, {"DATE": "2017-08-30", "CBOE Volatility Index": "11.22"}, {"DATE": "2017-08-31", "CBOE Volatility Index": "10.59"}, {"DATE": "2017-09-01", "CBOE Volatility Index": "10.13"}, {"DATE": "2017-09-04", "CBOE Volatility Index": "."}, {"DATE": "2017-09-05", "CBOE Volatility Index": "12.23"}, {"DATE": "2017-09-06", "CBOE Volatility Index": "11.63"}, {"DATE": "2017-09-07", "CBOE Volatility Index": "11.55"}, {"DATE": "2017-09-08", "CBOE Volatility Index": "12.12"}, {"DATE": "2017-09-11", "CBOE Volatility Index": "10.73"}, {"DATE": "2017-09-12", "CBOE Volatility Index": "10.58"}, {"DATE": "2017-09-13", "CBOE Volatility Index": "10.50"}, {"DATE": "2017-09-14", "CBOE Volatility Index": "10.44"}, {"DATE": "2017-09-15", "CBOE Volatility Index": "10.17"}, {"DATE": "2017-09-18", "CBOE Volatility Index": "10.15"}, {"DATE": "2017-09-19", "CBOE Volatility Index": "10.18"}, {"DATE": "2017-09-20", "CBOE Volatility Index": "9.78"}, {"DATE": "2017-09-21", "CBOE Volatility Index": "9.67"}, {"DATE": "2017-09-22", "CBOE Volatility Index": "9.59"}, {"DATE": "2017-09-25", "CBOE Volatility Index": "10.21"}, {"DATE": "2017-09-26", "CBOE Volatility Index": "10.17"}, {"DATE": "2017-09-27", "CBOE Volatility Index": "9.87"}, {"DATE": "2017-09-28", "CBOE Volatility Index": "9.55"}, {"DATE": "2017-09-29", "CBOE Volatility Index": "9.51"}, {"DATE": "2017-10-02", "CBOE Volatility Index": "9.45"}, {"DATE": "2017-10-03", "CBOE Volatility Index": "9.51"}, {"DATE": "2017-10-04", "CBOE Volatility Index": "9.63"}, {"DATE": "2017-10-05", "CBOE Volatility Index": "9.19"}, {"DATE": "2017-10-06", "CBOE Volatility Index": "9.65"}, {"DATE": "2017-10-09", "CBOE Volatility Index": "10.33"}, {"DATE": "2017-10-10", "CBOE Volatility Index": "10.08"}, {"DATE": "2017-10-11", "CBOE Volatility Index": "9.85"}, {"DATE": "2017-10-12", "CBOE Volatility Index": "9.91"}, {"DATE": "2017-10-13", "CBOE Volatility Index": "9.61"}, {"DATE": "2017-10-16", "CBOE Volatility Index": "9.91"}, {"DATE": "2017-10-17", "CBOE Volatility Index": "10.31"}, {"DATE": "2017-10-18", "CBOE Volatility Index": "10.07"}, {"DATE": "2017-10-19", "CBOE Volatility Index": "10.05"}, {"DATE": "2017-10-20", "CBOE Volatility Index": "9.97"}, {"DATE": "2017-10-23", "CBOE Volatility Index": "11.07"}, {"DATE": "2017-10-24", "CBOE Volatility Index": "11.16"}, {"DATE": "2017-10-25", "CBOE Volatility Index": "11.23"}, {"DATE": "2017-10-26", "CBOE Volatility Index": "11.3"}, {"DATE": "2017-10-27", "CBOE Volatility Index": "9.8"}, {"DATE": "2017-10-30", "CBOE Volatility Index": "10.5"}, {"DATE": "2017-10-31", "CBOE Volatility Index": "10.18"}, {"DATE": "2017-11-01", "CBOE Volatility Index": "10.2"}, {"DATE": "2017-11-02", "CBOE Volatility Index": "9.93"}, {"DATE": "2017-11-03", "CBOE Volatility Index": "9.14"}, {"DATE": "2017-11-06", "CBOE Volatility Index": "9.4"}, {"DATE": "2017-11-07", "CBOE Volatility Index": "9.89"}, {"DATE": "2017-11-08", "CBOE Volatility Index": "9.78"}, {"DATE": "2017-11-09", "CBOE Volatility Index": "10.5"}, {"DATE": "2017-11-10", "CBOE Volatility Index": "11.29"}, {"DATE": "2017-11-13", "CBOE Volatility Index": "11.5"}, {"DATE": "2017-11-14", "CBOE Volatility Index": "11.59"}, {"DATE": "2017-11-15", "CBOE Volatility Index": "13.13"}, {"DATE": "2017-11-16", "CBOE Volatility Index": "11.76"}, {"DATE": "2017-11-17", "CBOE Volatility Index": "11.43"}, {"DATE": "2017-11-20", "CBOE Volatility Index": "10.65"}, {"DATE": "2017-11-21", "CBOE Volatility Index": "9.73"}, {"DATE": "2017-11-22", "CBOE Volatility Index": "9.88"}, {"DATE": "2017-11-23", "CBOE Volatility Index": "."}, {"DATE": "2017-11-24", "CBOE Volatility Index": "9.67"}, {"DATE": "2017-11-27", "CBOE Volatility Index": "9.87"}, {"DATE": "2017-11-28", "CBOE Volatility Index": "10.03"}, {"DATE": "2017-11-29", "CBOE Volatility Index": "10.7"}, {"DATE": "2017-11-30", "CBOE Volatility Index": "11.28"}, {"DATE": "2017-12-01", "CBOE Volatility Index": "11.43"}, {"DATE": "2017-12-04", "CBOE Volatility Index": "11.68"}, {"DATE": "2017-12-05", "CBOE Volatility Index": "11.33"}, {"DATE": "2017-12-06", "CBOE Volatility Index": "11.02"}, {"DATE": "2017-12-07", "CBOE Volatility Index": "10.16"}, {"DATE": "2017-12-08", "CBOE Volatility Index": "9.58"}, {"DATE": "2017-12-11", "CBOE Volatility Index": "9.34"}, {"DATE": "2017-12-12", "CBOE Volatility Index": "9.92"}, {"DATE": "2017-12-13", "CBOE Volatility Index": "10.18"}, {"DATE": "2017-12-14", "CBOE Volatility Index": "10.49"}, {"DATE": "2017-12-15", "CBOE Volatility Index": "9.42"}, {"DATE": "2017-12-18", "CBOE Volatility Index": "9.53"}, {"DATE": "2017-12-19", "CBOE Volatility Index": "10.03"}, {"DATE": "2017-12-20", "CBOE Volatility Index": "9.72"}, {"DATE": "2017-12-21", "CBOE Volatility Index": "9.62"}, {"DATE": "2017-12-22", "CBOE Volatility Index": "9.9"}, {"DATE": "2017-12-25", "CBOE Volatility Index": "."}, {"DATE": "2017-12-26", "CBOE Volatility Index": "10.25"}, {"DATE": "2017-12-27", "CBOE Volatility Index": "10.47"}, {"DATE": "2017-12-28", "CBOE Volatility Index": "10.18"}, {"DATE": "2017-12-29", "CBOE Volatility Index": "11.04"}, {"DATE": "2018-01-01", "CBOE Volatility Index": "."}, {"DATE": "2018-01-02", "CBOE Volatility Index": "9.77"}, {"DATE": "2018-01-03", "CBOE Volatility Index": "9.15"}, {"DATE": "2018-01-04", "CBOE Volatility Index": "9.22"}, {"DATE": "2018-01-05", "CBOE Volatility Index": "9.22"}, {"DATE": "2018-01-08", "CBOE Volatility Index": "9.52"}, {"DATE": "2018-01-09", "CBOE Volatility Index": "10.08"}, {"DATE": "2018-01-10", "CBOE Volatility Index": "9.82"}, {"DATE": "2018-01-11", "CBOE Volatility Index": "9.88"}, {"DATE": "2018-01-12", "CBOE Volatility Index": "10.16"}, {"DATE": "2018-01-15", "CBOE Volatility Index": "."}, {"DATE": "2018-01-16", "CBOE Volatility Index": "11.66"}, {"DATE": "2018-01-17", "CBOE Volatility Index": "11.91"}, {"DATE": "2018-01-18", "CBOE Volatility Index": "12.22"}, {"DATE": "2018-01-19", "CBOE Volatility Index": "11.27"}, {"DATE": "2018-01-22", "CBOE Volatility Index": "11.03"}, {"DATE": "2018-01-23", "CBOE Volatility Index": "11.1"}, {"DATE": "2018-01-24", "CBOE Volatility Index": "11.47"}, {"DATE": "2018-01-25", "CBOE Volatility Index": "11.58"}, {"DATE": "2018-01-26", "CBOE Volatility Index": "11.08"}, {"DATE": "2018-01-29", "CBOE Volatility Index": "13.84"}, {"DATE": "2018-01-30", "CBOE Volatility Index": "14.79"}, {"DATE": "2018-01-31", "CBOE Volatility Index": "13.54"}, {"DATE": "2018-02-01", "CBOE Volatility Index": "13.47"}, {"DATE": "2018-02-02", "CBOE Volatility Index": "17.31"}, {"DATE": "2018-02-05", "CBOE Volatility Index": "37.32"}, {"DATE": "2018-02-06", "CBOE Volatility Index": "29.98"}, {"DATE": "2018-02-07", "CBOE Volatility Index": "27.73"}, {"DATE": "2018-02-08", "CBOE Volatility Index": "33.46"}, {"DATE": "2018-02-09", "CBOE Volatility Index": "29.06"}, {"DATE": "2018-02-12", "CBOE Volatility Index": "25.61"}, {"DATE": "2018-02-13", "CBOE Volatility Index": "24.97"}, {"DATE": "2018-02-14", "CBOE Volatility Index": "19.26"}, {"DATE": "2018-02-15", "CBOE Volatility Index": "19.13"}, {"DATE": "2018-02-16", "CBOE Volatility Index": "19.46"}, {"DATE": "2018-02-19", "CBOE Volatility Index": "."}, {"DATE": "2018-02-20", "CBOE Volatility Index": "20.6"}, {"DATE": "2018-02-21", "CBOE Volatility Index": "20.02"}, {"DATE": "2018-02-22", "CBOE Volatility Index": "18.72"}, {"DATE": "2018-02-23", "CBOE Volatility Index": "16.49"}, {"DATE": "2018-02-26", "CBOE Volatility Index": "15.8"}, {"DATE": "2018-02-27", "CBOE Volatility Index": "18.59"}, {"DATE": "2018-02-28", "CBOE Volatility Index": "19.85"}, {"DATE": "2018-03-01", "CBOE Volatility Index": "22.47"}, {"DATE": "2018-03-02", "CBOE Volatility Index": "19.59"}, {"DATE": "2018-03-05", "CBOE Volatility Index": "18.73"}, {"DATE": "2018-03-06", "CBOE Volatility Index": "18.36"}, {"DATE": "2018-03-07", "CBOE Volatility Index": "17.76"}, {"DATE": "2018-03-08", "CBOE Volatility Index": "16.54"}, {"DATE": "2018-03-09", "CBOE Volatility Index": "14.64"}, {"DATE": "2018-03-12", "CBOE Volatility Index": "15.78"}, {"DATE": "2018-03-13", "CBOE Volatility Index": "16.35"}, {"DATE": "2018-03-14", "CBOE Volatility Index": "17.23"}, {"DATE": "2018-03-15", "CBOE Volatility Index": "16.59"}, {"DATE": "2018-03-16", "CBOE Volatility Index": "15.8"}, {"DATE": "2018-03-19", "CBOE Volatility Index": "19.02"}, {"DATE": "2018-03-20", "CBOE Volatility Index": "18.2"}, {"DATE": "2018-03-21", "CBOE Volatility Index": "17.86"}, {"DATE": "2018-03-22", "CBOE Volatility Index": "23.34"}, {"DATE": "2018-03-23", "CBOE Volatility Index": "24.87"}, {"DATE": "2018-03-26", "CBOE Volatility Index": "21.03"}, {"DATE": "2018-03-27", "CBOE Volatility Index": "22.5"}, {"DATE": "2018-03-28", "CBOE Volatility Index": "22.87"}, {"DATE": "2018-03-29", "CBOE Volatility Index": "19.97"}, {"DATE": "2018-03-30", "CBOE Volatility Index": "."}, {"DATE": "2018-04-02", "CBOE Volatility Index": "23.62"}, {"DATE": "2018-04-03", "CBOE Volatility Index": "21.1"}, {"DATE": "2018-04-04", "CBOE Volatility Index": "20.06"}, {"DATE": "2018-04-05", "CBOE Volatility Index": "18.94"}, {"DATE": "2018-04-06", "CBOE Volatility Index": "21.49"}, {"DATE": "2018-04-09", "CBOE Volatility Index": "21.77"}, {"DATE": "2018-04-10", "CBOE Volatility Index": "20.47"}, {"DATE": "2018-04-11", "CBOE Volatility Index": "20.24"}, {"DATE": "2018-04-12", "CBOE Volatility Index": "18.49"}, {"DATE": "2018-04-13", "CBOE Volatility Index": "17.41"}, {"DATE": "2018-04-16", "CBOE Volatility Index": "16.56"}, {"DATE": "2018-04-17", "CBOE Volatility Index": "15.25"}, {"DATE": "2018-04-18", "CBOE Volatility Index": "15.6"}, {"DATE": "2018-04-19", "CBOE Volatility Index": "15.96"}, {"DATE": "2018-04-20", "CBOE Volatility Index": "16.88"}, {"DATE": "2018-04-23", "CBOE Volatility Index": "16.34"}, {"DATE": "2018-04-24", "CBOE Volatility Index": "18.02"}, {"DATE": "2018-04-25", "CBOE Volatility Index": "17.84"}, {"DATE": "2018-04-26", "CBOE Volatility Index": "16.24"}, {"DATE": "2018-04-27", "CBOE Volatility Index": "15.41"}, {"DATE": "2018-04-30", "CBOE Volatility Index": "15.93"}, {"DATE": "2018-05-01", "CBOE Volatility Index": "15.49"}, {"DATE": "2018-05-02", "CBOE Volatility Index": "15.97"}, {"DATE": "2018-05-03", "CBOE Volatility Index": "15.9"}, {"DATE": "2018-05-04", "CBOE Volatility Index": "14.77"}, {"DATE": "2018-05-07", "CBOE Volatility Index": "14.75"}, {"DATE": "2018-05-08", "CBOE Volatility Index": "14.71"}, {"DATE": "2018-05-09", "CBOE Volatility Index": "13.42"}, {"DATE": "2018-05-10", "CBOE Volatility Index": "13.23"}, {"DATE": "2018-05-11", "CBOE Volatility Index": "12.65"}, {"DATE": "2018-05-14", "CBOE Volatility Index": "12.93"}, {"DATE": "2018-05-15", "CBOE Volatility Index": "14.63"}, {"DATE": "2018-05-16", "CBOE Volatility Index": "13.42"}, {"DATE": "2018-05-17", "CBOE Volatility Index": "13.43"}, {"DATE": "2018-05-18", "CBOE Volatility Index": "13.42"}, {"DATE": "2018-05-21", "CBOE Volatility Index": "13.08"}, {"DATE": "2018-05-22", "CBOE Volatility Index": "13.22"}, {"DATE": "2018-05-23", "CBOE Volatility Index": "12.58"}, {"DATE": "2018-05-24", "CBOE Volatility Index": "12.53"}, {"DATE": "2018-05-25", "CBOE Volatility Index": "13.22"}]